mode,th_low,th_high,n,acc,prec,rec,f1,tp,fp,fn,tn,n_uncertain
"1D_MAX(extract,rag)",-1.0,-1.0,25,0.6,0.6,1.0,0.75,15,10,0,0,0
"1D_MAX(extract,rag)",-1.0,-0.75,25,0.6,0.6,1.0,0.75,15,10,0,0,0
"1D_MAX(extract,rag)",-1.0,-0.5,25,0.6,0.6,1.0,0.75,15,10,0,0,0
"1D_MAX(extract,rag)",-1.0,-0.25,25,0.6,0.6,1.0,0.75,15,10,0,0,0
"1D_MAX(extract,rag)",-1.0,0.0,25,0.6,0.6,1.0,0.75,15,10,0,0,0
"1D_MAX(extract,rag)",-1.0,0.25,25,0.64,0.625,1.0,0.769,15,9,0,1,1
"1D_MAX(extract,rag)",-1.0,0.5,25,0.64,0.625,1.0,0.769,15,9,0,1,1
"1D_MAX(extract,rag)",-1.0,0.75,25,0.64,0.625,1.0,0.769,15,9,0,1,1
"1D_MAX(extract,rag)",-1.0,1.0,25,0.64,0.625,1.0,0.769,15,9,0,1,1
"1D_MAX(extract,rag)",-1.0,1.25,25,0.64,0.625,1.0,0.769,15,9,0,1,1
"1D_MAX(extract,rag)",-1.0,1.5,25,0.64,0.625,1.0,0.769,15,9,0,1,1
"1D_MAX(extract,rag)",-1.0,1.75,25,0.64,0.625,1.0,0.769,15,9,0,1,1
"1D_MAX(extract,rag)",-1.0,2.0,25,0.64,0.625,1.0,0.769,15,9,0,1,1
"1D_MAX(extract,rag)",-1.0,2.25,25,0.64,0.625,1.0,0.769,15,9,0,1,1
"1D_MAX(extract,rag)",-1.0,2.5,25,0.64,0.625,1.0,0.769,15,9,0,1,1
"1D_MAX(extract,rag)",-1.0,2.75,25,0.92,0.882,1.0,0.938,15,2,0,8,8
"1D_MAX(extract,rag)",-1.0,3.0,25,0.92,0.882,1.0,0.938,15,2,0,8,8
"1D_MAX(extract,rag)",-1.0,3.25,25,0.92,0.882,1.0,0.938,15,2,0,8,8
"1D_MAX(extract,rag)",-1.0,3.5,25,0.92,0.882,1.0,0.938,15,2,0,8,8
"1D_MAX(extract,rag)",-1.0,3.75,25,0.88,0.875,0.933,0.903,14,2,1,8,9
"1D_MAX(extract,rag)",-1.0,4.0,25,0.88,0.875,0.933,0.903,14,2,1,8,9
"1D_MAX(extract,rag)",-1.0,4.25,25,0.88,0.875,0.933,0.903,14,2,1,8,9
"1D_MAX(extract,rag)",-1.0,4.5,25,0.88,0.875,0.933,0.903,14,2,1,8,9
"1D_MAX(extract,rag)",-1.0,4.75,25,0.88,0.875,0.933,0.903,14,2,1,8,9
"1D_MAX(extract,rag)",-1.0,5.0,25,0.88,0.875,0.933,0.903,14,2,1,8,9
"1D_MAX(extract,rag)",-1.0,5.25,25,0.88,0.875,0.933,0.903,14,2,1,8,9
"1D_MAX(extract,rag)",-1.0,5.5,25,0.88,0.875,0.933,0.903,14,2,1,8,9
"1D_MAX(extract,rag)",-1.0,5.75,25,0.88,0.875,0.933,0.903,14,2,1,8,9
"1D_MAX(extract,rag)",-1.0,6.0,25,0.88,0.875,0.933,0.903,14,2,1,8,9
"1D_MAX(extract,rag)",-1.0,6.25,25,0.84,0.867,0.867,0.867,13,2,2,8,10
"1D_MAX(extract,rag)",-1.0,6.5,25,0.84,0.867,0.867,0.867,13,2,2,8,10
"1D_MAX(extract,rag)",-1.0,6.75,25,0.84,0.867,0.867,0.867,13,2,2,8,10
"1D_MAX(extract,rag)",-1.0,7.0,25,0.84,0.867,0.867,0.867,13,2,2,8,10
"1D_MAX(extract,rag)",-1.0,7.25,25,0.36,0.333,0.067,0.111,1,2,14,8,22
"1D_MAX(extract,rag)",-1.0,7.5,25,0.36,0.333,0.067,0.111,1,2,14,8,22
"1D_MAX(extract,rag)",-1.0,7.75,25,0.36,0.333,0.067,0.111,1,2,14,8,22
"1D_MAX(extract,rag)",-1.0,8.0,25,0.36,0.333,0.067,0.111,1,2,14,8,22
"1D_MAX(extract,rag)",-1.0,8.25,25,0.4,0.0,0.0,0.0,0,0,15,10,25
"1D_MAX(extract,rag)",-1.0,8.5,25,0.4,0.0,0.0,0.0,0,0,15,10,25
"1D_MAX(extract,rag)",-1.0,8.75,25,0.4,0.0,0.0,0.0,0,0,15,10,25
"1D_MAX(extract,rag)",-1.0,9.0,25,0.4,0.0,0.0,0.0,0,0,15,10,25
"1D_MAX(extract,rag)",-1.0,9.25,25,0.4,0.0,0.0,0.0,0,0,15,10,25
"1D_MAX(extract,rag)",-1.0,9.5,25,0.4,0.0,0.0,0.0,0,0,15,10,25
"1D_MAX(extract,rag)",-1.0,9.75,25,0.4,0.0,0.0,0.0,0,0,15,10,25
"1D_MAX(extract,rag)",-1.0,10.0,25,0.4,0.0,0.0,0.0,0,0,15,10,25
"1D_MAX(extract,rag)",-0.75,-0.75,25,0.6,0.6,1.0,0.75,15,10,0,0,0
"1D_MAX(extract,rag)",-0.75,-0.5,25,0.6,0.6,1.0,0.75,15,10,0,0,0
"1D_MAX(extract,rag)",-0.75,-0.25,25,0.6,0.6,1.0,0.75,15,10,0,0,0
"1D_MAX(extract,rag)",-0.75,0.0,25,0.6,0.6,1.0,0.75,15,10,0,0,0
"1D_MAX(extract,rag)",-0.75,0.25,25,0.64,0.625,1.0,0.769,15,9,0,1,1
"1D_MAX(extract,rag)",-0.75,0.5,25,0.64,0.625,1.0,0.769,15,9,0,1,1
"1D_MAX(extract,rag)",-0.75,0.75,25,0.64,0.625,1.0,0.769,15,9,0,1,1
"1D_MAX(extract,rag)",-0.75,1.0,25,0.64,0.625,1.0,0.769,15,9,0,1,1
"1D_MAX(extract,rag)",-0.75,1.25,25,0.64,0.625,1.0,0.769,15,9,0,1,1
"1D_MAX(extract,rag)",-0.75,1.5,25,0.64,0.625,1.0,0.769,15,9,0,1,1
"1D_MAX(extract,rag)",-0.75,1.75,25,0.64,0.625,1.0,0.769,15,9,0,1,1
"1D_MAX(extract,rag)",-0.75,2.0,25,0.64,0.625,1.0,0.769,15,9,0,1,1
"1D_MAX(extract,rag)",-0.75,2.25,25,0.64,0.625,1.0,0.769,15,9,0,1,1
"1D_MAX(extract,rag)",-0.75,2.5,25,0.64,0.625,1.0,0.769,15,9,0,1,1
"1D_MAX(extract,rag)",-0.75,2.75,25,0.92,0.882,1.0,0.938,15,2,0,8,8
"1D_MAX(extract,rag)",-0.75,3.0,25,0.92,0.882,1.0,0.938,15,2,0,8,8
"1D_MAX(extract,rag)",-0.75,3.25,25,0.92,0.882,1.0,0.938,15,2,0,8,8
"1D_MAX(extract,rag)",-0.75,3.5,25,0.92,0.882,1.0,0.938,15,2,0,8,8
"1D_MAX(extract,rag)",-0.75,3.75,25,0.88,0.875,0.933,0.903,14,2,1,8,9
"1D_MAX(extract,rag)",-0.75,4.0,25,0.88,0.875,0.933,0.903,14,2,1,8,9
"1D_MAX(extract,rag)",-0.75,4.25,25,0.88,0.875,0.933,0.903,14,2,1,8,9
"1D_MAX(extract,rag)",-0.75,4.5,25,0.88,0.875,0.933,0.903,14,2,1,8,9
"1D_MAX(extract,rag)",-0.75,4.75,25,0.88,0.875,0.933,0.903,14,2,1,8,9
"1D_MAX(extract,rag)",-0.75,5.0,25,0.88,0.875,0.933,0.903,14,2,1,8,9
"1D_MAX(extract,rag)",-0.75,5.25,25,0.88,0.875,0.933,0.903,14,2,1,8,9
"1D_MAX(extract,rag)",-0.75,5.5,25,0.88,0.875,0.933,0.903,14,2,1,8,9
"1D_MAX(extract,rag)",-0.75,5.75,25,0.88,0.875,0.933,0.903,14,2,1,8,9
"1D_MAX(extract,rag)",-0.75,6.0,25,0.88,0.875,0.933,0.903,14,2,1,8,9
"1D_MAX(extract,rag)",-0.75,6.25,25,0.84,0.867,0.867,0.867,13,2,2,8,10
"1D_MAX(extract,rag)",-0.75,6.5,25,0.84,0.867,0.867,0.867,13,2,2,8,10
"1D_MAX(extract,rag)",-0.75,6.75,25,0.84,0.867,0.867,0.867,13,2,2,8,10
"1D_MAX(extract,rag)",-0.75,7.0,25,0.84,0.867,0.867,0.867,13,2,2,8,10
"1D_MAX(extract,rag)",-0.75,7.25,25,0.36,0.333,0.067,0.111,1,2,14,8,22
"1D_MAX(extract,rag)",-0.75,7.5,25,0.36,0.333,0.067,0.111,1,2,14,8,22
"1D_MAX(extract,rag)",-0.75,7.75,25,0.36,0.333,0.067,0.111,1,2,14,8,22
"1D_MAX(extract,rag)",-0.75,8.0,25,0.36,0.333,0.067,0.111,1,2,14,8,22
"1D_MAX(extract,rag)",-0.75,8.25,25,0.4,0.0,0.0,0.0,0,0,15,10,25
"1D_MAX(extract,rag)",-0.75,8.5,25,0.4,0.0,0.0,0.0,0,0,15,10,25
"1D_MAX(extract,rag)",-0.75,8.75,25,0.4,0.0,0.0,0.0,0,0,15,10,25
"1D_MAX(extract,rag)",-0.75,9.0,25,0.4,0.0,0.0,0.0,0,0,15,10,25
"1D_MAX(extract,rag)",-0.75,9.25,25,0.4,0.0,0.0,0.0,0,0,15,10,25
"1D_MAX(extract,rag)",-0.75,9.5,25,0.4,0.0,0.0,0.0,0,0,15,10,25
"1D_MAX(extract,rag)",-0.75,9.75,25,0.4,0.0,0.0,0.0,0,0,15,10,25
"1D_MAX(extract,rag)",-0.75,10.0,25,0.4,0.0,0.0,0.0,0,0,15,10,25
"1D_MAX(extract,rag)",-0.5,-0.5,25,0.6,0.6,1.0,0.75,15,10,0,0,0
"1D_MAX(extract,rag)",-0.5,-0.25,25,0.6,0.6,1.0,0.75,15,10,0,0,0
"1D_MAX(extract,rag)",-0.5,0.0,25,0.6,0.6,1.0,0.75,15,10,0,0,0
"1D_MAX(extract,rag)",-0.5,0.25,25,0.64,0.625,1.0,0.769,15,9,0,1,1
"1D_MAX(extract,rag)",-0.5,0.5,25,0.64,0.625,1.0,0.769,15,9,0,1,1
"1D_MAX(extract,rag)",-0.5,0.75,25,0.64,0.625,1.0,0.769,15,9,0,1,1
"1D_MAX(extract,rag)",-0.5,1.0,25,0.64,0.625,1.0,0.769,15,9,0,1,1
"1D_MAX(extract,rag)",-0.5,1.25,25,0.64,0.625,1.0,0.769,15,9,0,1,1
"1D_MAX(extract,rag)",-0.5,1.5,25,0.64,0.625,1.0,0.769,15,9,0,1,1
"1D_MAX(extract,rag)",-0.5,1.75,25,0.64,0.625,1.0,0.769,15,9,0,1,1
"1D_MAX(extract,rag)",-0.5,2.0,25,0.64,0.625,1.0,0.769,15,9,0,1,1
"1D_MAX(extract,rag)",-0.5,2.25,25,0.64,0.625,1.0,0.769,15,9,0,1,1
"1D_MAX(extract,rag)",-0.5,2.5,25,0.64,0.625,1.0,0.769,15,9,0,1,1
"1D_MAX(extract,rag)",-0.5,2.75,25,0.92,0.882,1.0,0.938,15,2,0,8,8
"1D_MAX(extract,rag)",-0.5,3.0,25,0.92,0.882,1.0,0.938,15,2,0,8,8
"1D_MAX(extract,rag)",-0.5,3.25,25,0.92,0.882,1.0,0.938,15,2,0,8,8
"1D_MAX(extract,rag)",-0.5,3.5,25,0.92,0.882,1.0,0.938,15,2,0,8,8
"1D_MAX(extract,rag)",-0.5,3.75,25,0.88,0.875,0.933,0.903,14,2,1,8,9
"1D_MAX(extract,rag)",-0.5,4.0,25,0.88,0.875,0.933,0.903,14,2,1,8,9
"1D_MAX(extract,rag)",-0.5,4.25,25,0.88,0.875,0.933,0.903,14,2,1,8,9
"1D_MAX(extract,rag)",-0.5,4.5,25,0.88,0.875,0.933,0.903,14,2,1,8,9
"1D_MAX(extract,rag)",-0.5,4.75,25,0.88,0.875,0.933,0.903,14,2,1,8,9
"1D_MAX(extract,rag)",-0.5,5.0,25,0.88,0.875,0.933,0.903,14,2,1,8,9
"1D_MAX(extract,rag)",-0.5,5.25,25,0.88,0.875,0.933,0.903,14,2,1,8,9
"1D_MAX(extract,rag)",-0.5,5.5,25,0.88,0.875,0.933,0.903,14,2,1,8,9
"1D_MAX(extract,rag)",-0.5,5.75,25,0.88,0.875,0.933,0.903,14,2,1,8,9
"1D_MAX(extract,rag)",-0.5,6.0,25,0.88,0.875,0.933,0.903,14,2,1,8,9
"1D_MAX(extract,rag)",-0.5,6.25,25,0.84,0.867,0.867,0.867,13,2,2,8,10
"1D_MAX(extract,rag)",-0.5,6.5,25,0.84,0.867,0.867,0.867,13,2,2,8,10
"1D_MAX(extract,rag)",-0.5,6.75,25,0.84,0.867,0.867,0.867,13,2,2,8,10
"1D_MAX(extract,rag)",-0.5,7.0,25,0.84,0.867,0.867,0.867,13,2,2,8,10
"1D_MAX(extract,rag)",-0.5,7.25,25,0.36,0.333,0.067,0.111,1,2,14,8,22
"1D_MAX(extract,rag)",-0.5,7.5,25,0.36,0.333,0.067,0.111,1,2,14,8,22
"1D_MAX(extract,rag)",-0.5,7.75,25,0.36,0.333,0.067,0.111,1,2,14,8,22
"1D_MAX(extract,rag)",-0.5,8.0,25,0.36,0.333,0.067,0.111,1,2,14,8,22
"1D_MAX(extract,rag)",-0.5,8.25,25,0.4,0.0,0.0,0.0,0,0,15,10,25
"1D_MAX(extract,rag)",-0.5,8.5,25,0.4,0.0,0.0,0.0,0,0,15,10,25
"1D_MAX(extract,rag)",-0.5,8.75,25,0.4,0.0,0.0,0.0,0,0,15,10,25
"1D_MAX(extract,rag)",-0.5,9.0,25,0.4,0.0,0.0,0.0,0,0,15,10,25
"1D_MAX(extract,rag)",-0.5,9.25,25,0.4,0.0,0.0,0.0,0,0,15,10,25
"1D_MAX(extract,rag)",-0.5,9.5,25,0.4,0.0,0.0,0.0,0,0,15,10,25
"1D_MAX(extract,rag)",-0.5,9.75,25,0.4,0.0,0.0,0.0,0,0,15,10,25
"1D_MAX(extract,rag)",-0.5,10.0,25,0.4,0.0,0.0,0.0,0,0,15,10,25
"1D_MAX(extract,rag)",-0.25,-0.25,25,0.6,0.6,1.0,0.75,15,10,0,0,0
"1D_MAX(extract,rag)",-0.25,0.0,25,0.6,0.6,1.0,0.75,15,10,0,0,0
"1D_MAX(extract,rag)",-0.25,0.25,25,0.64,0.625,1.0,0.769,15,9,0,1,1
"1D_MAX(extract,rag)",-0.25,0.5,25,0.64,0.625,1.0,0.769,15,9,0,1,1
"1D_MAX(extract,rag)",-0.25,0.75,25,0.64,0.625,1.0,0.769,15,9,0,1,1
"1D_MAX(extract,rag)",-0.25,1.0,25,0.64,0.625,1.0,0.769,15,9,0,1,1
"1D_MAX(extract,rag)",-0.25,1.25,25,0.64,0.625,1.0,0.769,15,9,0,1,1
"1D_MAX(extract,rag)",-0.25,1.5,25,0.64,0.625,1.0,0.769,15,9,0,1,1
"1D_MAX(extract,rag)",-0.25,1.75,25,0.64,0.625,1.0,0.769,15,9,0,1,1
"1D_MAX(extract,rag)",-0.25,2.0,25,0.64,0.625,1.0,0.769,15,9,0,1,1
"1D_MAX(extract,rag)",-0.25,2.25,25,0.64,0.625,1.0,0.769,15,9,0,1,1
"1D_MAX(extract,rag)",-0.25,2.5,25,0.64,0.625,1.0,0.769,15,9,0,1,1
"1D_MAX(extract,rag)",-0.25,2.75,25,0.92,0.882,1.0,0.938,15,2,0,8,8
"1D_MAX(extract,rag)",-0.25,3.0,25,0.92,0.882,1.0,0.938,15,2,0,8,8
"1D_MAX(extract,rag)",-0.25,3.25,25,0.92,0.882,1.0,0.938,15,2,0,8,8
"1D_MAX(extract,rag)",-0.25,3.5,25,0.92,0.882,1.0,0.938,15,2,0,8,8
"1D_MAX(extract,rag)",-0.25,3.75,25,0.88,0.875,0.933,0.903,14,2,1,8,9
"1D_MAX(extract,rag)",-0.25,4.0,25,0.88,0.875,0.933,0.903,14,2,1,8,9
"1D_MAX(extract,rag)",-0.25,4.25,25,0.88,0.875,0.933,0.903,14,2,1,8,9
"1D_MAX(extract,rag)",-0.25,4.5,25,0.88,0.875,0.933,0.903,14,2,1,8,9
"1D_MAX(extract,rag)",-0.25,4.75,25,0.88,0.875,0.933,0.903,14,2,1,8,9
"1D_MAX(extract,rag)",-0.25,5.0,25,0.88,0.875,0.933,0.903,14,2,1,8,9
"1D_MAX(extract,rag)",-0.25,5.25,25,0.88,0.875,0.933,0.903,14,2,1,8,9
"1D_MAX(extract,rag)",-0.25,5.5,25,0.88,0.875,0.933,0.903,14,2,1,8,9
"1D_MAX(extract,rag)",-0.25,5.75,25,0.88,0.875,0.933,0.903,14,2,1,8,9
"1D_MAX(extract,rag)",-0.25,6.0,25,0.88,0.875,0.933,0.903,14,2,1,8,9
"1D_MAX(extract,rag)",-0.25,6.25,25,0.84,0.867,0.867,0.867,13,2,2,8,10
"1D_MAX(extract,rag)",-0.25,6.5,25,0.84,0.867,0.867,0.867,13,2,2,8,10
"1D_MAX(extract,rag)",-0.25,6.75,25,0.84,0.867,0.867,0.867,13,2,2,8,10
"1D_MAX(extract,rag)",-0.25,7.0,25,0.84,0.867,0.867,0.867,13,2,2,8,10
"1D_MAX(extract,rag)",-0.25,7.25,25,0.36,0.333,0.067,0.111,1,2,14,8,22
"1D_MAX(extract,rag)",-0.25,7.5,25,0.36,0.333,0.067,0.111,1,2,14,8,22
"1D_MAX(extract,rag)",-0.25,7.75,25,0.36,0.333,0.067,0.111,1,2,14,8,22
"1D_MAX(extract,rag)",-0.25,8.0,25,0.36,0.333,0.067,0.111,1,2,14,8,22
"1D_MAX(extract,rag)",-0.25,8.25,25,0.4,0.0,0.0,0.0,0,0,15,10,25
"1D_MAX(extract,rag)",-0.25,8.5,25,0.4,0.0,0.0,0.0,0,0,15,10,25
"1D_MAX(extract,rag)",-0.25,8.75,25,0.4,0.0,0.0,0.0,0,0,15,10,25
"1D_MAX(extract,rag)",-0.25,9.0,25,0.4,0.0,0.0,0.0,0,0,15,10,25
"1D_MAX(extract,rag)",-0.25,9.25,25,0.4,0.0,0.0,0.0,0,0,15,10,25
"1D_MAX(extract,rag)",-0.25,9.5,25,0.4,0.0,0.0,0.0,0,0,15,10,25
"1D_MAX(extract,rag)",-0.25,9.75,25,0.4,0.0,0.0,0.0,0,0,15,10,25
"1D_MAX(extract,rag)",-0.25,10.0,25,0.4,0.0,0.0,0.0,0,0,15,10,25
"1D_MAX(extract,rag)",0.0,0.0,25,0.6,0.6,1.0,0.75,15,10,0,0,0
"1D_MAX(extract,rag)",0.0,0.25,25,0.64,0.625,1.0,0.769,15,9,0,1,1
"1D_MAX(extract,rag)",0.0,0.5,25,0.64,0.625,1.0,0.769,15,9,0,1,1
"1D_MAX(extract,rag)",0.0,0.75,25,0.64,0.625,1.0,0.769,15,9,0,1,1
"1D_MAX(extract,rag)",0.0,1.0,25,0.64,0.625,1.0,0.769,15,9,0,1,1
"1D_MAX(extract,rag)",0.0,1.25,25,0.64,0.625,1.0,0.769,15,9,0,1,1
"1D_MAX(extract,rag)",0.0,1.5,25,0.64,0.625,1.0,0.769,15,9,0,1,1
"1D_MAX(extract,rag)",0.0,1.75,25,0.64,0.625,1.0,0.769,15,9,0,1,1
"1D_MAX(extract,rag)",0.0,2.0,25,0.64,0.625,1.0,0.769,15,9,0,1,1
"1D_MAX(extract,rag)",0.0,2.25,25,0.64,0.625,1.0,0.769,15,9,0,1,1
"1D_MAX(extract,rag)",0.0,2.5,25,0.64,0.625,1.0,0.769,15,9,0,1,1
"1D_MAX(extract,rag)",0.0,2.75,25,0.92,0.882,1.0,0.938,15,2,0,8,8
"1D_MAX(extract,rag)",0.0,3.0,25,0.92,0.882,1.0,0.938,15,2,0,8,8
"1D_MAX(extract,rag)",0.0,3.25,25,0.92,0.882,1.0,0.938,15,2,0,8,8
"1D_MAX(extract,rag)",0.0,3.5,25,0.92,0.882,1.0,0.938,15,2,0,8,8
"1D_MAX(extract,rag)",0.0,3.75,25,0.88,0.875,0.933,0.903,14,2,1,8,9
"1D_MAX(extract,rag)",0.0,4.0,25,0.88,0.875,0.933,0.903,14,2,1,8,9
"1D_MAX(extract,rag)",0.0,4.25,25,0.88,0.875,0.933,0.903,14,2,1,8,9
"1D_MAX(extract,rag)",0.0,4.5,25,0.88,0.875,0.933,0.903,14,2,1,8,9
"1D_MAX(extract,rag)",0.0,4.75,25,0.88,0.875,0.933,0.903,14,2,1,8,9
"1D_MAX(extract,rag)",0.0,5.0,25,0.88,0.875,0.933,0.903,14,2,1,8,9
"1D_MAX(extract,rag)",0.0,5.25,25,0.88,0.875,0.933,0.903,14,2,1,8,9
"1D_MAX(extract,rag)",0.0,5.5,25,0.88,0.875,0.933,0.903,14,2,1,8,9
"1D_MAX(extract,rag)",0.0,5.75,25,0.88,0.875,0.933,0.903,14,2,1,8,9
"1D_MAX(extract,rag)",0.0,6.0,25,0.88,0.875,0.933,0.903,14,2,1,8,9
"1D_MAX(extract,rag)",0.0,6.25,25,0.84,0.867,0.867,0.867,13,2,2,8,10
"1D_MAX(extract,rag)",0.0,6.5,25,0.84,0.867,0.867,0.867,13,2,2,8,10
"1D_MAX(extract,rag)",0.0,6.75,25,0.84,0.867,0.867,0.867,13,2,2,8,10
"1D_MAX(extract,rag)",0.0,7.0,25,0.84,0.867,0.867,0.867,13,2,2,8,10
"1D_MAX(extract,rag)",0.0,7.25,25,0.36,0.333,0.067,0.111,1,2,14,8,22
"1D_MAX(extract,rag)",0.0,7.5,25,0.36,0.333,0.067,0.111,1,2,14,8,22
"1D_MAX(extract,rag)",0.0,7.75,25,0.36,0.333,0.067,0.111,1,2,14,8,22
"1D_MAX(extract,rag)",0.0,8.0,25,0.36,0.333,0.067,0.111,1,2,14,8,22
"1D_MAX(extract,rag)",0.0,8.25,25,0.4,0.0,0.0,0.0,0,0,15,10,25
"1D_MAX(extract,rag)",0.0,8.5,25,0.4,0.0,0.0,0.0,0,0,15,10,25
"1D_MAX(extract,rag)",0.0,8.75,25,0.4,0.0,0.0,0.0,0,0,15,10,25
"1D_MAX(extract,rag)",0.0,9.0,25,0.4,0.0,0.0,0.0,0,0,15,10,25
"1D_MAX(extract,rag)",0.0,9.25,25,0.4,0.0,0.0,0.0,0,0,15,10,25
"1D_MAX(extract,rag)",0.0,9.5,25,0.4,0.0,0.0,0.0,0,0,15,10,25
"1D_MAX(extract,rag)",0.0,9.75,25,0.4,0.0,0.0,0.0,0,0,15,10,25
"1D_MAX(extract,rag)",0.0,10.0,25,0.4,0.0,0.0,0.0,0,0,15,10,25
"1D_MAX(extract,rag)",0.25,0.25,25,0.64,0.625,1.0,0.769,15,9,0,1,0
"1D_MAX(extract,rag)",0.25,0.5,25,0.64,0.625,1.0,0.769,15,9,0,1,0
"1D_MAX(extract,rag)",0.25,0.75,25,0.64,0.625,1.0,0.769,15,9,0,1,0
"1D_MAX(extract,rag)",0.25,1.0,25,0.64,0.625,1.0,0.769,15,9,0,1,0
"1D_MAX(extract,rag)",0.25,1.25,25,0.64,0.625,1.0,0.769,15,9,0,1,0
"1D_MAX(extract,rag)",0.25,1.5,25,0.64,0.625,1.0,0.769,15,9,0,1,0
"1D_MAX(extract,rag)",0.25,1.75,25,0.64,0.625,1.0,0.769,15,9,0,1,0
"1D_MAX(extract,rag)",0.25,2.0,25,0.64,0.625,1.0,0.769,15,9,0,1,0
"1D_MAX(extract,rag)",0.25,2.25,25,0.64,0.625,1.0,0.769,15,9,0,1,0
"1D_MAX(extract,rag)",0.25,2.5,25,0.64,0.625,1.0,0.769,15,9,0,1,0
"1D_MAX(extract,rag)",0.25,2.75,25,0.92,0.882,1.0,0.938,15,2,0,8,7
"1D_MAX(extract,rag)",0.25,3.0,25,0.92,0.882,1.0,0.938,15,2,0,8,7
"1D_MAX(extract,rag)",0.25,3.25,25,0.92,0.882,1.0,0.938,15,2,0,8,7
"1D_MAX(extract,rag)",0.25,3.5,25,0.92,0.882,1.0,0.938,15,2,0,8,7
"1D_MAX(extract,rag)",0.25,3.75,25,0.88,0.875,0.933,0.903,14,2,1,8,8
"1D_MAX(extract,rag)",0.25,4.0,25,0.88,0.875,0.933,0.903,14,2,1,8,8
"1D_MAX(extract,rag)",0.25,4.25,25,0.88,0.875,0.933,0.903,14,2,1,8,8
"1D_MAX(extract,rag)",0.25,4.5,25,0.88,0.875,0.933,0.903,14,2,1,8,8
"1D_MAX(extract,rag)",0.25,4.75,25,0.88,0.875,0.933,0.903,14,2,1,8,8
"1D_MAX(extract,rag)",0.25,5.0,25,0.88,0.875,0.933,0.903,14,2,1,8,8
"1D_MAX(extract,rag)",0.25,5.25,25,0.88,0.875,0.933,0.903,14,2,1,8,8
"1D_MAX(extract,rag)",0.25,5.5,25,0.88,0.875,0.933,0.903,14,2,1,8,8
"1D_MAX(extract,rag)",0.25,5.75,25,0.88,0.875,0.933,0.903,14,2,1,8,8
"1D_MAX(extract,rag)",0.25,6.0,25,0.88,0.875,0.933,0.903,14,2,1,8,8
"1D_MAX(extract,rag)",0.25,6.25,25,0.84,0.867,0.867,0.867,13,2,2,8,9
"1D_MAX(extract,rag)",0.25,6.5,25,0.84,0.867,0.867,0.867,13,2,2,8,9
"1D_MAX(extract,rag)",0.25,6.75,25,0.84,0.867,0.867,0.867,13,2,2,8,9
"1D_MAX(extract,rag)",0.25,7.0,25,0.84,0.867,0.867,0.867,13,2,2,8,9
"1D_MAX(extract,rag)",0.25,7.25,25,0.36,0.333,0.067,0.111,1,2,14,8,21
"1D_MAX(extract,rag)",0.25,7.5,25,0.36,0.333,0.067,0.111,1,2,14,8,21
"1D_MAX(extract,rag)",0.25,7.75,25,0.36,0.333,0.067,0.111,1,2,14,8,21
"1D_MAX(extract,rag)",0.25,8.0,25,0.36,0.333,0.067,0.111,1,2,14,8,21
"1D_MAX(extract,rag)",0.25,8.25,25,0.4,0.0,0.0,0.0,0,0,15,10,24
"1D_MAX(extract,rag)",0.25,8.5,25,0.4,0.0,0.0,0.0,0,0,15,10,24
"1D_MAX(extract,rag)",0.25,8.75,25,0.4,0.0,0.0,0.0,0,0,15,10,24
"1D_MAX(extract,rag)",0.25,9.0,25,0.4,0.0,0.0,0.0,0,0,15,10,24
"1D_MAX(extract,rag)",0.25,9.25,25,0.4,0.0,0.0,0.0,0,0,15,10,24
"1D_MAX(extract,rag)",0.25,9.5,25,0.4,0.0,0.0,0.0,0,0,15,10,24
"1D_MAX(extract,rag)",0.25,9.75,25,0.4,0.0,0.0,0.0,0,0,15,10,24
"1D_MAX(extract,rag)",0.25,10.0,25,0.4,0.0,0.0,0.0,0,0,15,10,24
"1D_MAX(extract,rag)",0.5,0.5,25,0.64,0.625,1.0,0.769,15,9,0,1,0
"1D_MAX(extract,rag)",0.5,0.75,25,0.64,0.625,1.0,0.769,15,9,0,1,0
"1D_MAX(extract,rag)",0.5,1.0,25,0.64,0.625,1.0,0.769,15,9,0,1,0
"1D_MAX(extract,rag)",0.5,1.25,25,0.64,0.625,1.0,0.769,15,9,0,1,0
"1D_MAX(extract,rag)",0.5,1.5,25,0.64,0.625,1.0,0.769,15,9,0,1,0
"1D_MAX(extract,rag)",0.5,1.75,25,0.64,0.625,1.0,0.769,15,9,0,1,0
"1D_MAX(extract,rag)",0.5,2.0,25,0.64,0.625,1.0,0.769,15,9,0,1,0
"1D_MAX(extract,rag)",0.5,2.25,25,0.64,0.625,1.0,0.769,15,9,0,1,0
"1D_MAX(extract,rag)",0.5,2.5,25,0.64,0.625,1.0,0.769,15,9,0,1,0
"1D_MAX(extract,rag)",0.5,2.75,25,0.92,0.882,1.0,0.938,15,2,0,8,7
"1D_MAX(extract,rag)",0.5,3.0,25,0.92,0.882,1.0,0.938,15,2,0,8,7
"1D_MAX(extract,rag)",0.5,3.25,25,0.92,0.882,1.0,0.938,15,2,0,8,7
"1D_MAX(extract,rag)",0.5,3.5,25,0.92,0.882,1.0,0.938,15,2,0,8,7
"1D_MAX(extract,rag)",0.5,3.75,25,0.88,0.875,0.933,0.903,14,2,1,8,8
"1D_MAX(extract,rag)",0.5,4.0,25,0.88,0.875,0.933,0.903,14,2,1,8,8
"1D_MAX(extract,rag)",0.5,4.25,25,0.88,0.875,0.933,0.903,14,2,1,8,8
"1D_MAX(extract,rag)",0.5,4.5,25,0.88,0.875,0.933,0.903,14,2,1,8,8
"1D_MAX(extract,rag)",0.5,4.75,25,0.88,0.875,0.933,0.903,14,2,1,8,8
"1D_MAX(extract,rag)",0.5,5.0,25,0.88,0.875,0.933,0.903,14,2,1,8,8
"1D_MAX(extract,rag)",0.5,5.25,25,0.88,0.875,0.933,0.903,14,2,1,8,8
"1D_MAX(extract,rag)",0.5,5.5,25,0.88,0.875,0.933,0.903,14,2,1,8,8
"1D_MAX(extract,rag)",0.5,5.75,25,0.88,0.875,0.933,0.903,14,2,1,8,8
"1D_MAX(extract,rag)",0.5,6.0,25,0.88,0.875,0.933,0.903,14,2,1,8,8
"1D_MAX(extract,rag)",0.5,6.25,25,0.84,0.867,0.867,0.867,13,2,2,8,9
"1D_MAX(extract,rag)",0.5,6.5,25,0.84,0.867,0.867,0.867,13,2,2,8,9
"1D_MAX(extract,rag)",0.5,6.75,25,0.84,0.867,0.867,0.867,13,2,2,8,9
"1D_MAX(extract,rag)",0.5,7.0,25,0.84,0.867,0.867,0.867,13,2,2,8,9
"1D_MAX(extract,rag)",0.5,7.25,25,0.36,0.333,0.067,0.111,1,2,14,8,21
"1D_MAX(extract,rag)",0.5,7.5,25,0.36,0.333,0.067,0.111,1,2,14,8,21
"1D_MAX(extract,rag)",0.5,7.75,25,0.36,0.333,0.067,0.111,1,2,14,8,21
"1D_MAX(extract,rag)",0.5,8.0,25,0.36,0.333,0.067,0.111,1,2,14,8,21
"1D_MAX(extract,rag)",0.5,8.25,25,0.4,0.0,0.0,0.0,0,0,15,10,24
"1D_MAX(extract,rag)",0.5,8.5,25,0.4,0.0,0.0,0.0,0,0,15,10,24
"1D_MAX(extract,rag)",0.5,8.75,25,0.4,0.0,0.0,0.0,0,0,15,10,24
"1D_MAX(extract,rag)",0.5,9.0,25,0.4,0.0,0.0,0.0,0,0,15,10,24
"1D_MAX(extract,rag)",0.5,9.25,25,0.4,0.0,0.0,0.0,0,0,15,10,24
"1D_MAX(extract,rag)",0.5,9.5,25,0.4,0.0,0.0,0.0,0,0,15,10,24
"1D_MAX(extract,rag)",0.5,9.75,25,0.4,0.0,0.0,0.0,0,0,15,10,24
"1D_MAX(extract,rag)",0.5,10.0,25,0.4,0.0,0.0,0.0,0,0,15,10,24
"1D_MAX(extract,rag)",0.75,0.75,25,0.64,0.625,1.0,0.769,15,9,0,1,0
"1D_MAX(extract,rag)",0.75,1.0,25,0.64,0.625,1.0,0.769,15,9,0,1,0
"1D_MAX(extract,rag)",0.75,1.25,25,0.64,0.625,1.0,0.769,15,9,0,1,0
"1D_MAX(extract,rag)",0.75,1.5,25,0.64,0.625,1.0,0.769,15,9,0,1,0
"1D_MAX(extract,rag)",0.75,1.75,25,0.64,0.625,1.0,0.769,15,9,0,1,0
"1D_MAX(extract,rag)",0.75,2.0,25,0.64,0.625,1.0,0.769,15,9,0,1,0
"1D_MAX(extract,rag)",0.75,2.25,25,0.64,0.625,1.0,0.769,15,9,0,1,0
"1D_MAX(extract,rag)",0.75,2.5,25,0.64,0.625,1.0,0.769,15,9,0,1,0
"1D_MAX(extract,rag)",0.75,2.75,25,0.92,0.882,1.0,0.938,15,2,0,8,7
"1D_MAX(extract,rag)",0.75,3.0,25,0.92,0.882,1.0,0.938,15,2,0,8,7
"1D_MAX(extract,rag)",0.75,3.25,25,0.92,0.882,1.0,0.938,15,2,0,8,7
"1D_MAX(extract,rag)",0.75,3.5,25,0.92,0.882,1.0,0.938,15,2,0,8,7
"1D_MAX(extract,rag)",0.75,3.75,25,0.88,0.875,0.933,0.903,14,2,1,8,8
"1D_MAX(extract,rag)",0.75,4.0,25,0.88,0.875,0.933,0.903,14,2,1,8,8
"1D_MAX(extract,rag)",0.75,4.25,25,0.88,0.875,0.933,0.903,14,2,1,8,8
"1D_MAX(extract,rag)",0.75,4.5,25,0.88,0.875,0.933,0.903,14,2,1,8,8
"1D_MAX(extract,rag)",0.75,4.75,25,0.88,0.875,0.933,0.903,14,2,1,8,8
"1D_MAX(extract,rag)",0.75,5.0,25,0.88,0.875,0.933,0.903,14,2,1,8,8
"1D_MAX(extract,rag)",0.75,5.25,25,0.88,0.875,0.933,0.903,14,2,1,8,8
"1D_MAX(extract,rag)",0.75,5.5,25,0.88,0.875,0.933,0.903,14,2,1,8,8
"1D_MAX(extract,rag)",0.75,5.75,25,0.88,0.875,0.933,0.903,14,2,1,8,8
"1D_MAX(extract,rag)",0.75,6.0,25,0.88,0.875,0.933,0.903,14,2,1,8,8
"1D_MAX(extract,rag)",0.75,6.25,25,0.84,0.867,0.867,0.867,13,2,2,8,9
"1D_MAX(extract,rag)",0.75,6.5,25,0.84,0.867,0.867,0.867,13,2,2,8,9
"1D_MAX(extract,rag)",0.75,6.75,25,0.84,0.867,0.867,0.867,13,2,2,8,9
"1D_MAX(extract,rag)",0.75,7.0,25,0.84,0.867,0.867,0.867,13,2,2,8,9
"1D_MAX(extract,rag)",0.75,7.25,25,0.36,0.333,0.067,0.111,1,2,14,8,21
"1D_MAX(extract,rag)",0.75,7.5,25,0.36,0.333,0.067,0.111,1,2,14,8,21
"1D_MAX(extract,rag)",0.75,7.75,25,0.36,0.333,0.067,0.111,1,2,14,8,21
"1D_MAX(extract,rag)",0.75,8.0,25,0.36,0.333,0.067,0.111,1,2,14,8,21
"1D_MAX(extract,rag)",0.75,8.25,25,0.4,0.0,0.0,0.0,0,0,15,10,24
"1D_MAX(extract,rag)",0.75,8.5,25,0.4,0.0,0.0,0.0,0,0,15,10,24
"1D_MAX(extract,rag)",0.75,8.75,25,0.4,0.0,0.0,0.0,0,0,15,10,24
"1D_MAX(extract,rag)",0.75,9.0,25,0.4,0.0,0.0,0.0,0,0,15,10,24
"1D_MAX(extract,rag)",0.75,9.25,25,0.4,0.0,0.0,0.0,0,0,15,10,24
"1D_MAX(extract,rag)",0.75,9.5,25,0.4,0.0,0.0,0.0,0,0,15,10,24
"1D_MAX(extract,rag)",0.75,9.75,25,0.4,0.0,0.0,0.0,0,0,15,10,24
"1D_MAX(extract,rag)",0.75,10.0,25,0.4,0.0,0.0,0.0,0,0,15,10,24
"1D_MAX(extract,rag)",1.0,1.0,25,0.64,0.625,1.0,0.769,15,9,0,1,0
"1D_MAX(extract,rag)",1.0,1.25,25,0.64,0.625,1.0,0.769,15,9,0,1,0
"1D_MAX(extract,rag)",1.0,1.5,25,0.64,0.625,1.0,0.769,15,9,0,1,0
"1D_MAX(extract,rag)",1.0,1.75,25,0.64,0.625,1.0,0.769,15,9,0,1,0
"1D_MAX(extract,rag)",1.0,2.0,25,0.64,0.625,1.0,0.769,15,9,0,1,0
"1D_MAX(extract,rag)",1.0,2.25,25,0.64,0.625,1.0,0.769,15,9,0,1,0
"1D_MAX(extract,rag)",1.0,2.5,25,0.64,0.625,1.0,0.769,15,9,0,1,0
"1D_MAX(extract,rag)",1.0,2.75,25,0.92,0.882,1.0,0.938,15,2,0,8,7
"1D_MAX(extract,rag)",1.0,3.0,25,0.92,0.882,1.0,0.938,15,2,0,8,7
"1D_MAX(extract,rag)",1.0,3.25,25,0.92,0.882,1.0,0.938,15,2,0,8,7
"1D_MAX(extract,rag)",1.0,3.5,25,0.92,0.882,1.0,0.938,15,2,0,8,7
"1D_MAX(extract,rag)",1.0,3.75,25,0.88,0.875,0.933,0.903,14,2,1,8,8
"1D_MAX(extract,rag)",1.0,4.0,25,0.88,0.875,0.933,0.903,14,2,1,8,8
"1D_MAX(extract,rag)",1.0,4.25,25,0.88,0.875,0.933,0.903,14,2,1,8,8
"1D_MAX(extract,rag)",1.0,4.5,25,0.88,0.875,0.933,0.903,14,2,1,8,8
"1D_MAX(extract,rag)",1.0,4.75,25,0.88,0.875,0.933,0.903,14,2,1,8,8
"1D_MAX(extract,rag)",1.0,5.0,25,0.88,0.875,0.933,0.903,14,2,1,8,8
"1D_MAX(extract,rag)",1.0,5.25,25,0.88,0.875,0.933,0.903,14,2,1,8,8
"1D_MAX(extract,rag)",1.0,5.5,25,0.88,0.875,0.933,0.903,14,2,1,8,8
"1D_MAX(extract,rag)",1.0,5.75,25,0.88,0.875,0.933,0.903,14,2,1,8,8
"1D_MAX(extract,rag)",1.0,6.0,25,0.88,0.875,0.933,0.903,14,2,1,8,8
"1D_MAX(extract,rag)",1.0,6.25,25,0.84,0.867,0.867,0.867,13,2,2,8,9
"1D_MAX(extract,rag)",1.0,6.5,25,0.84,0.867,0.867,0.867,13,2,2,8,9
"1D_MAX(extract,rag)",1.0,6.75,25,0.84,0.867,0.867,0.867,13,2,2,8,9
"1D_MAX(extract,rag)",1.0,7.0,25,0.84,0.867,0.867,0.867,13,2,2,8,9
"1D_MAX(extract,rag)",1.0,7.25,25,0.36,0.333,0.067,0.111,1,2,14,8,21
"1D_MAX(extract,rag)",1.0,7.5,25,0.36,0.333,0.067,0.111,1,2,14,8,21
"1D_MAX(extract,rag)",1.0,7.75,25,0.36,0.333,0.067,0.111,1,2,14,8,21
"1D_MAX(extract,rag)",1.0,8.0,25,0.36,0.333,0.067,0.111,1,2,14,8,21
"1D_MAX(extract,rag)",1.0,8.25,25,0.4,0.0,0.0,0.0,0,0,15,10,24
"1D_MAX(extract,rag)",1.0,8.5,25,0.4,0.0,0.0,0.0,0,0,15,10,24
"1D_MAX(extract,rag)",1.0,8.75,25,0.4,0.0,0.0,0.0,0,0,15,10,24
"1D_MAX(extract,rag)",1.0,9.0,25,0.4,0.0,0.0,0.0,0,0,15,10,24
"1D_MAX(extract,rag)",1.0,9.25,25,0.4,0.0,0.0,0.0,0,0,15,10,24
"1D_MAX(extract,rag)",1.0,9.5,25,0.4,0.0,0.0,0.0,0,0,15,10,24
"1D_MAX(extract,rag)",1.0,9.75,25,0.4,0.0,0.0,0.0,0,0,15,10,24
"1D_MAX(extract,rag)",1.0,10.0,25,0.4,0.0,0.0,0.0,0,0,15,10,24
"1D_MAX(extract,rag)",1.25,1.25,25,0.64,0.625,1.0,0.769,15,9,0,1,0
"1D_MAX(extract,rag)",1.25,1.5,25,0.64,0.625,1.0,0.769,15,9,0,1,0
"1D_MAX(extract,rag)",1.25,1.75,25,0.64,0.625,1.0,0.769,15,9,0,1,0
"1D_MAX(extract,rag)",1.25,2.0,25,0.64,0.625,1.0,0.769,15,9,0,1,0
"1D_MAX(extract,rag)",1.25,2.25,25,0.64,0.625,1.0,0.769,15,9,0,1,0
"1D_MAX(extract,rag)",1.25,2.5,25,0.64,0.625,1.0,0.769,15,9,0,1,0
"1D_MAX(extract,rag)",1.25,2.75,25,0.92,0.882,1.0,0.938,15,2,0,8,7
"1D_MAX(extract,rag)",1.25,3.0,25,0.92,0.882,1.0,0.938,15,2,0,8,7
"1D_MAX(extract,rag)",1.25,3.25,25,0.92,0.882,1.0,0.938,15,2,0,8,7
"1D_MAX(extract,rag)",1.25,3.5,25,0.92,0.882,1.0,0.938,15,2,0,8,7
"1D_MAX(extract,rag)",1.25,3.75,25,0.88,0.875,0.933,0.903,14,2,1,8,8
"1D_MAX(extract,rag)",1.25,4.0,25,0.88,0.875,0.933,0.903,14,2,1,8,8
"1D_MAX(extract,rag)",1.25,4.25,25,0.88,0.875,0.933,0.903,14,2,1,8,8
"1D_MAX(extract,rag)",1.25,4.5,25,0.88,0.875,0.933,0.903,14,2,1,8,8
"1D_MAX(extract,rag)",1.25,4.75,25,0.88,0.875,0.933,0.903,14,2,1,8,8
"1D_MAX(extract,rag)",1.25,5.0,25,0.88,0.875,0.933,0.903,14,2,1,8,8
"1D_MAX(extract,rag)",1.25,5.25,25,0.88,0.875,0.933,0.903,14,2,1,8,8
"1D_MAX(extract,rag)",1.25,5.5,25,0.88,0.875,0.933,0.903,14,2,1,8,8
"1D_MAX(extract,rag)",1.25,5.75,25,0.88,0.875,0.933,0.903,14,2,1,8,8
"1D_MAX(extract,rag)",1.25,6.0,25,0.88,0.875,0.933,0.903,14,2,1,8,8
"1D_MAX(extract,rag)",1.25,6.25,25,0.84,0.867,0.867,0.867,13,2,2,8,9
"1D_MAX(extract,rag)",1.25,6.5,25,0.84,0.867,0.867,0.867,13,2,2,8,9
"1D_MAX(extract,rag)",1.25,6.75,25,0.84,0.867,0.867,0.867,13,2,2,8,9
"1D_MAX(extract,rag)",1.25,7.0,25,0.84,0.867,0.867,0.867,13,2,2,8,9
"1D_MAX(extract,rag)",1.25,7.25,25,0.36,0.333,0.067,0.111,1,2,14,8,21
"1D_MAX(extract,rag)",1.25,7.5,25,0.36,0.333,0.067,0.111,1,2,14,8,21
"1D_MAX(extract,rag)",1.25,7.75,25,0.36,0.333,0.067,0.111,1,2,14,8,21
"1D_MAX(extract,rag)",1.25,8.0,25,0.36,0.333,0.067,0.111,1,2,14,8,21
"1D_MAX(extract,rag)",1.25,8.25,25,0.4,0.0,0.0,0.0,0,0,15,10,24
"1D_MAX(extract,rag)",1.25,8.5,25,0.4,0.0,0.0,0.0,0,0,15,10,24
"1D_MAX(extract,rag)",1.25,8.75,25,0.4,0.0,0.0,0.0,0,0,15,10,24
"1D_MAX(extract,rag)",1.25,9.0,25,0.4,0.0,0.0,0.0,0,0,15,10,24
"1D_MAX(extract,rag)",1.25,9.25,25,0.4,0.0,0.0,0.0,0,0,15,10,24
"1D_MAX(extract,rag)",1.25,9.5,25,0.4,0.0,0.0,0.0,0,0,15,10,24
"1D_MAX(extract,rag)",1.25,9.75,25,0.4,0.0,0.0,0.0,0,0,15,10,24
"1D_MAX(extract,rag)",1.25,10.0,25,0.4,0.0,0.0,0.0,0,0,15,10,24
"1D_MAX(extract,rag)",1.5,1.5,25,0.64,0.625,1.0,0.769,15,9,0,1,0
"1D_MAX(extract,rag)",1.5,1.75,25,0.64,0.625,1.0,0.769,15,9,0,1,0
"1D_MAX(extract,rag)",1.5,2.0,25,0.64,0.625,1.0,0.769,15,9,0,1,0
"1D_MAX(extract,rag)",1.5,2.25,25,0.64,0.625,1.0,0.769,15,9,0,1,0
"1D_MAX(extract,rag)",1.5,2.5,25,0.64,0.625,1.0,0.769,15,9,0,1,0
"1D_MAX(extract,rag)",1.5,2.75,25,0.92,0.882,1.0,0.938,15,2,0,8,7
"1D_MAX(extract,rag)",1.5,3.0,25,0.92,0.882,1.0,0.938,15,2,0,8,7
"1D_MAX(extract,rag)",1.5,3.25,25,0.92,0.882,1.0,0.938,15,2,0,8,7
"1D_MAX(extract,rag)",1.5,3.5,25,0.92,0.882,1.0,0.938,15,2,0,8,7
"1D_MAX(extract,rag)",1.5,3.75,25,0.88,0.875,0.933,0.903,14,2,1,8,8
"1D_MAX(extract,rag)",1.5,4.0,25,0.88,0.875,0.933,0.903,14,2,1,8,8
"1D_MAX(extract,rag)",1.5,4.25,25,0.88,0.875,0.933,0.903,14,2,1,8,8
"1D_MAX(extract,rag)",1.5,4.5,25,0.88,0.875,0.933,0.903,14,2,1,8,8
"1D_MAX(extract,rag)",1.5,4.75,25,0.88,0.875,0.933,0.903,14,2,1,8,8
"1D_MAX(extract,rag)",1.5,5.0,25,0.88,0.875,0.933,0.903,14,2,1,8,8
"1D_MAX(extract,rag)",1.5,5.25,25,0.88,0.875,0.933,0.903,14,2,1,8,8
"1D_MAX(extract,rag)",1.5,5.5,25,0.88,0.875,0.933,0.903,14,2,1,8,8
"1D_MAX(extract,rag)",1.5,5.75,25,0.88,0.875,0.933,0.903,14,2,1,8,8
"1D_MAX(extract,rag)",1.5,6.0,25,0.88,0.875,0.933,0.903,14,2,1,8,8
"1D_MAX(extract,rag)",1.5,6.25,25,0.84,0.867,0.867,0.867,13,2,2,8,9
"1D_MAX(extract,rag)",1.5,6.5,25,0.84,0.867,0.867,0.867,13,2,2,8,9
"1D_MAX(extract,rag)",1.5,6.75,25,0.84,0.867,0.867,0.867,13,2,2,8,9
"1D_MAX(extract,rag)",1.5,7.0,25,0.84,0.867,0.867,0.867,13,2,2,8,9
"1D_MAX(extract,rag)",1.5,7.25,25,0.36,0.333,0.067,0.111,1,2,14,8,21
"1D_MAX(extract,rag)",1.5,7.5,25,0.36,0.333,0.067,0.111,1,2,14,8,21
"1D_MAX(extract,rag)",1.5,7.75,25,0.36,0.333,0.067,0.111,1,2,14,8,21
"1D_MAX(extract,rag)",1.5,8.0,25,0.36,0.333,0.067,0.111,1,2,14,8,21
"1D_MAX(extract,rag)",1.5,8.25,25,0.4,0.0,0.0,0.0,0,0,15,10,24
"1D_MAX(extract,rag)",1.5,8.5,25,0.4,0.0,0.0,0.0,0,0,15,10,24
"1D_MAX(extract,rag)",1.5,8.75,25,0.4,0.0,0.0,0.0,0,0,15,10,24
"1D_MAX(extract,rag)",1.5,9.0,25,0.4,0.0,0.0,0.0,0,0,15,10,24
"1D_MAX(extract,rag)",1.5,9.25,25,0.4,0.0,0.0,0.0,0,0,15,10,24
"1D_MAX(extract,rag)",1.5,9.5,25,0.4,0.0,0.0,0.0,0,0,15,10,24
"1D_MAX(extract,rag)",1.5,9.75,25,0.4,0.0,0.0,0.0,0,0,15,10,24
"1D_MAX(extract,rag)",1.5,10.0,25,0.4,0.0,0.0,0.0,0,0,15,10,24
"1D_MAX(extract,rag)",1.75,1.75,25,0.64,0.625,1.0,0.769,15,9,0,1,0
"1D_MAX(extract,rag)",1.75,2.0,25,0.64,0.625,1.0,0.769,15,9,0,1,0
"1D_MAX(extract,rag)",1.75,2.25,25,0.64,0.625,1.0,0.769,15,9,0,1,0
"1D_MAX(extract,rag)",1.75,2.5,25,0.64,0.625,1.0,0.769,15,9,0,1,0
"1D_MAX(extract,rag)",1.75,2.75,25,0.92,0.882,1.0,0.938,15,2,0,8,7
"1D_MAX(extract,rag)",1.75,3.0,25,0.92,0.882,1.0,0.938,15,2,0,8,7
"1D_MAX(extract,rag)",1.75,3.25,25,0.92,0.882,1.0,0.938,15,2,0,8,7
"1D_MAX(extract,rag)",1.75,3.5,25,0.92,0.882,1.0,0.938,15,2,0,8,7
"1D_MAX(extract,rag)",1.75,3.75,25,0.88,0.875,0.933,0.903,14,2,1,8,8
"1D_MAX(extract,rag)",1.75,4.0,25,0.88,0.875,0.933,0.903,14,2,1,8,8
"1D_MAX(extract,rag)",1.75,4.25,25,0.88,0.875,0.933,0.903,14,2,1,8,8
"1D_MAX(extract,rag)",1.75,4.5,25,0.88,0.875,0.933,0.903,14,2,1,8,8
"1D_MAX(extract,rag)",1.75,4.75,25,0.88,0.875,0.933,0.903,14,2,1,8,8
"1D_MAX(extract,rag)",1.75,5.0,25,0.88,0.875,0.933,0.903,14,2,1,8,8
"1D_MAX(extract,rag)",1.75,5.25,25,0.88,0.875,0.933,0.903,14,2,1,8,8
"1D_MAX(extract,rag)",1.75,5.5,25,0.88,0.875,0.933,0.903,14,2,1,8,8
"1D_MAX(extract,rag)",1.75,5.75,25,0.88,0.875,0.933,0.903,14,2,1,8,8
"1D_MAX(extract,rag)",1.75,6.0,25,0.88,0.875,0.933,0.903,14,2,1,8,8
"1D_MAX(extract,rag)",1.75,6.25,25,0.84,0.867,0.867,0.867,13,2,2,8,9
"1D_MAX(extract,rag)",1.75,6.5,25,0.84,0.867,0.867,0.867,13,2,2,8,9
"1D_MAX(extract,rag)",1.75,6.75,25,0.84,0.867,0.867,0.867,13,2,2,8,9
"1D_MAX(extract,rag)",1.75,7.0,25,0.84,0.867,0.867,0.867,13,2,2,8,9
"1D_MAX(extract,rag)",1.75,7.25,25,0.36,0.333,0.067,0.111,1,2,14,8,21
"1D_MAX(extract,rag)",1.75,7.5,25,0.36,0.333,0.067,0.111,1,2,14,8,21
"1D_MAX(extract,rag)",1.75,7.75,25,0.36,0.333,0.067,0.111,1,2,14,8,21
"1D_MAX(extract,rag)",1.75,8.0,25,0.36,0.333,0.067,0.111,1,2,14,8,21
"1D_MAX(extract,rag)",1.75,8.25,25,0.4,0.0,0.0,0.0,0,0,15,10,24
"1D_MAX(extract,rag)",1.75,8.5,25,0.4,0.0,0.0,0.0,0,0,15,10,24
"1D_MAX(extract,rag)",1.75,8.75,25,0.4,0.0,0.0,0.0,0,0,15,10,24
"1D_MAX(extract,rag)",1.75,9.0,25,0.4,0.0,0.0,0.0,0,0,15,10,24
"1D_MAX(extract,rag)",1.75,9.25,25,0.4,0.0,0.0,0.0,0,0,15,10,24
"1D_MAX(extract,rag)",1.75,9.5,25,0.4,0.0,0.0,0.0,0,0,15,10,24
"1D_MAX(extract,rag)",1.75,9.75,25,0.4,0.0,0.0,0.0,0,0,15,10,24
"1D_MAX(extract,rag)",1.75,10.0,25,0.4,0.0,0.0,0.0,0,0,15,10,24
"1D_MAX(extract,rag)",2.0,2.0,25,0.64,0.625,1.0,0.769,15,9,0,1,0
"1D_MAX(extract,rag)",2.0,2.25,25,0.64,0.625,1.0,0.769,15,9,0,1,0
"1D_MAX(extract,rag)",2.0,2.5,25,0.64,0.625,1.0,0.769,15,9,0,1,0
"1D_MAX(extract,rag)",2.0,2.75,25,0.92,0.882,1.0,0.938,15,2,0,8,7
"1D_MAX(extract,rag)",2.0,3.0,25,0.92,0.882,1.0,0.938,15,2,0,8,7
"1D_MAX(extract,rag)",2.0,3.25,25,0.92,0.882,1.0,0.938,15,2,0,8,7
"1D_MAX(extract,rag)",2.0,3.5,25,0.92,0.882,1.0,0.938,15,2,0,8,7
"1D_MAX(extract,rag)",2.0,3.75,25,0.88,0.875,0.933,0.903,14,2,1,8,8
"1D_MAX(extract,rag)",2.0,4.0,25,0.88,0.875,0.933,0.903,14,2,1,8,8
"1D_MAX(extract,rag)",2.0,4.25,25,0.88,0.875,0.933,0.903,14,2,1,8,8
"1D_MAX(extract,rag)",2.0,4.5,25,0.88,0.875,0.933,0.903,14,2,1,8,8
"1D_MAX(extract,rag)",2.0,4.75,25,0.88,0.875,0.933,0.903,14,2,1,8,8
"1D_MAX(extract,rag)",2.0,5.0,25,0.88,0.875,0.933,0.903,14,2,1,8,8
"1D_MAX(extract,rag)",2.0,5.25,25,0.88,0.875,0.933,0.903,14,2,1,8,8
"1D_MAX(extract,rag)",2.0,5.5,25,0.88,0.875,0.933,0.903,14,2,1,8,8
"1D_MAX(extract,rag)",2.0,5.75,25,0.88,0.875,0.933,0.903,14,2,1,8,8
"1D_MAX(extract,rag)",2.0,6.0,25,0.88,0.875,0.933,0.903,14,2,1,8,8
"1D_MAX(extract,rag)",2.0,6.25,25,0.84,0.867,0.867,0.867,13,2,2,8,9
"1D_MAX(extract,rag)",2.0,6.5,25,0.84,0.867,0.867,0.867,13,2,2,8,9
"1D_MAX(extract,rag)",2.0,6.75,25,0.84,0.867,0.867,0.867,13,2,2,8,9
"1D_MAX(extract,rag)",2.0,7.0,25,0.84,0.867,0.867,0.867,13,2,2,8,9
"1D_MAX(extract,rag)",2.0,7.25,25,0.36,0.333,0.067,0.111,1,2,14,8,21
"1D_MAX(extract,rag)",2.0,7.5,25,0.36,0.333,0.067,0.111,1,2,14,8,21
"1D_MAX(extract,rag)",2.0,7.75,25,0.36,0.333,0.067,0.111,1,2,14,8,21
"1D_MAX(extract,rag)",2.0,8.0,25,0.36,0.333,0.067,0.111,1,2,14,8,21
"1D_MAX(extract,rag)",2.0,8.25,25,0.4,0.0,0.0,0.0,0,0,15,10,24
"1D_MAX(extract,rag)",2.0,8.5,25,0.4,0.0,0.0,0.0,0,0,15,10,24
"1D_MAX(extract,rag)",2.0,8.75,25,0.4,0.0,0.0,0.0,0,0,15,10,24
"1D_MAX(extract,rag)",2.0,9.0,25,0.4,0.0,0.0,0.0,0,0,15,10,24
"1D_MAX(extract,rag)",2.0,9.25,25,0.4,0.0,0.0,0.0,0,0,15,10,24
"1D_MAX(extract,rag)",2.0,9.5,25,0.4,0.0,0.0,0.0,0,0,15,10,24
"1D_MAX(extract,rag)",2.0,9.75,25,0.4,0.0,0.0,0.0,0,0,15,10,24
"1D_MAX(extract,rag)",2.0,10.0,25,0.4,0.0,0.0,0.0,0,0,15,10,24
"1D_MAX(extract,rag)",2.25,2.25,25,0.64,0.625,1.0,0.769,15,9,0,1,0
"1D_MAX(extract,rag)",2.25,2.5,25,0.64,0.625,1.0,0.769,15,9,0,1,0
"1D_MAX(extract,rag)",2.25,2.75,25,0.92,0.882,1.0,0.938,15,2,0,8,7
"1D_MAX(extract,rag)",2.25,3.0,25,0.92,0.882,1.0,0.938,15,2,0,8,7
"1D_MAX(extract,rag)",2.25,3.25,25,0.92,0.882,1.0,0.938,15,2,0,8,7
"1D_MAX(extract,rag)",2.25,3.5,25,0.92,0.882,1.0,0.938,15,2,0,8,7
"1D_MAX(extract,rag)",2.25,3.75,25,0.88,0.875,0.933,0.903,14,2,1,8,8
"1D_MAX(extract,rag)",2.25,4.0,25,0.88,0.875,0.933,0.903,14,2,1,8,8
"1D_MAX(extract,rag)",2.25,4.25,25,0.88,0.875,0.933,0.903,14,2,1,8,8
"1D_MAX(extract,rag)",2.25,4.5,25,0.88,0.875,0.933,0.903,14,2,1,8,8
"1D_MAX(extract,rag)",2.25,4.75,25,0.88,0.875,0.933,0.903,14,2,1,8,8
"1D_MAX(extract,rag)",2.25,5.0,25,0.88,0.875,0.933,0.903,14,2,1,8,8
"1D_MAX(extract,rag)",2.25,5.25,25,0.88,0.875,0.933,0.903,14,2,1,8,8
"1D_MAX(extract,rag)",2.25,5.5,25,0.88,0.875,0.933,0.903,14,2,1,8,8
"1D_MAX(extract,rag)",2.25,5.75,25,0.88,0.875,0.933,0.903,14,2,1,8,8
"1D_MAX(extract,rag)",2.25,6.0,25,0.88,0.875,0.933,0.903,14,2,1,8,8
"1D_MAX(extract,rag)",2.25,6.25,25,0.84,0.867,0.867,0.867,13,2,2,8,9
"1D_MAX(extract,rag)",2.25,6.5,25,0.84,0.867,0.867,0.867,13,2,2,8,9
"1D_MAX(extract,rag)",2.25,6.75,25,0.84,0.867,0.867,0.867,13,2,2,8,9
"1D_MAX(extract,rag)",2.25,7.0,25,0.84,0.867,0.867,0.867,13,2,2,8,9
"1D_MAX(extract,rag)",2.25,7.25,25,0.36,0.333,0.067,0.111,1,2,14,8,21
"1D_MAX(extract,rag)",2.25,7.5,25,0.36,0.333,0.067,0.111,1,2,14,8,21
"1D_MAX(extract,rag)",2.25,7.75,25,0.36,0.333,0.067,0.111,1,2,14,8,21
"1D_MAX(extract,rag)",2.25,8.0,25,0.36,0.333,0.067,0.111,1,2,14,8,21
"1D_MAX(extract,rag)",2.25,8.25,25,0.4,0.0,0.0,0.0,0,0,15,10,24
"1D_MAX(extract,rag)",2.25,8.5,25,0.4,0.0,0.0,0.0,0,0,15,10,24
"1D_MAX(extract,rag)",2.25,8.75,25,0.4,0.0,0.0,0.0,0,0,15,10,24
"1D_MAX(extract,rag)",2.25,9.0,25,0.4,0.0,0.0,0.0,0,0,15,10,24
"1D_MAX(extract,rag)",2.25,9.25,25,0.4,0.0,0.0,0.0,0,0,15,10,24
"1D_MAX(extract,rag)",2.25,9.5,25,0.4,0.0,0.0,0.0,0,0,15,10,24
"1D_MAX(extract,rag)",2.25,9.75,25,0.4,0.0,0.0,0.0,0,0,15,10,24
"1D_MAX(extract,rag)",2.25,10.0,25,0.4,0.0,0.0,0.0,0,0,15,10,24
"1D_MAX(extract,rag)",2.5,2.5,25,0.64,0.625,1.0,0.769,15,9,0,1,0
"1D_MAX(extract,rag)",2.5,2.75,25,0.92,0.882,1.0,0.938,15,2,0,8,7
"1D_MAX(extract,rag)",2.5,3.0,25,0.92,0.882,1.0,0.938,15,2,0,8,7
"1D_MAX(extract,rag)",2.5,3.25,25,0.92,0.882,1.0,0.938,15,2,0,8,7
"1D_MAX(extract,rag)",2.5,3.5,25,0.92,0.882,1.0,0.938,15,2,0,8,7
"1D_MAX(extract,rag)",2.5,3.75,25,0.88,0.875,0.933,0.903,14,2,1,8,8
"1D_MAX(extract,rag)",2.5,4.0,25,0.88,0.875,0.933,0.903,14,2,1,8,8
"1D_MAX(extract,rag)",2.5,4.25,25,0.88,0.875,0.933,0.903,14,2,1,8,8
"1D_MAX(extract,rag)",2.5,4.5,25,0.88,0.875,0.933,0.903,14,2,1,8,8
"1D_MAX(extract,rag)",2.5,4.75,25,0.88,0.875,0.933,0.903,14,2,1,8,8
"1D_MAX(extract,rag)",2.5,5.0,25,0.88,0.875,0.933,0.903,14,2,1,8,8
"1D_MAX(extract,rag)",2.5,5.25,25,0.88,0.875,0.933,0.903,14,2,1,8,8
"1D_MAX(extract,rag)",2.5,5.5,25,0.88,0.875,0.933,0.903,14,2,1,8,8
"1D_MAX(extract,rag)",2.5,5.75,25,0.88,0.875,0.933,0.903,14,2,1,8,8
"1D_MAX(extract,rag)",2.5,6.0,25,0.88,0.875,0.933,0.903,14,2,1,8,8
"1D_MAX(extract,rag)",2.5,6.25,25,0.84,0.867,0.867,0.867,13,2,2,8,9
"1D_MAX(extract,rag)",2.5,6.5,25,0.84,0.867,0.867,0.867,13,2,2,8,9
"1D_MAX(extract,rag)",2.5,6.75,25,0.84,0.867,0.867,0.867,13,2,2,8,9
"1D_MAX(extract,rag)",2.5,7.0,25,0.84,0.867,0.867,0.867,13,2,2,8,9
"1D_MAX(extract,rag)",2.5,7.25,25,0.36,0.333,0.067,0.111,1,2,14,8,21
"1D_MAX(extract,rag)",2.5,7.5,25,0.36,0.333,0.067,0.111,1,2,14,8,21
"1D_MAX(extract,rag)",2.5,7.75,25,0.36,0.333,0.067,0.111,1,2,14,8,21
"1D_MAX(extract,rag)",2.5,8.0,25,0.36,0.333,0.067,0.111,1,2,14,8,21
"1D_MAX(extract,rag)",2.5,8.25,25,0.4,0.0,0.0,0.0,0,0,15,10,24
"1D_MAX(extract,rag)",2.5,8.5,25,0.4,0.0,0.0,0.0,0,0,15,10,24
"1D_MAX(extract,rag)",2.5,8.75,25,0.4,0.0,0.0,0.0,0,0,15,10,24
"1D_MAX(extract,rag)",2.5,9.0,25,0.4,0.0,0.0,0.0,0,0,15,10,24
"1D_MAX(extract,rag)",2.5,9.25,25,0.4,0.0,0.0,0.0,0,0,15,10,24
"1D_MAX(extract,rag)",2.5,9.5,25,0.4,0.0,0.0,0.0,0,0,15,10,24
"1D_MAX(extract,rag)",2.5,9.75,25,0.4,0.0,0.0,0.0,0,0,15,10,24
"1D_MAX(extract,rag)",2.5,10.0,25,0.4,0.0,0.0,0.0,0,0,15,10,24
"1D_MAX(extract,rag)",2.75,2.75,25,0.92,0.882,1.0,0.938,15,2,0,8,0
"1D_MAX(extract,rag)",2.75,3.0,25,0.92,0.882,1.0,0.938,15,2,0,8,0
"1D_MAX(extract,rag)",2.75,3.25,25,0.92,0.882,1.0,0.938,15,2,0,8,0
"1D_MAX(extract,rag)",2.75,3.5,25,0.92,0.882,1.0,0.938,15,2,0,8,0
"1D_MAX(extract,rag)",2.75,3.75,25,0.88,0.875,0.933,0.903,14,2,1,8,1
"1D_MAX(extract,rag)",2.75,4.0,25,0.88,0.875,0.933,0.903,14,2,1,8,1
"1D_MAX(extract,rag)",2.75,4.25,25,0.88,0.875,0.933,0.903,14,2,1,8,1
"1D_MAX(extract,rag)",2.75,4.5,25,0.88,0.875,0.933,0.903,14,2,1,8,1
"1D_MAX(extract,rag)",2.75,4.75,25,0.88,0.875,0.933,0.903,14,2,1,8,1
"1D_MAX(extract,rag)",2.75,5.0,25,0.88,0.875,0.933,0.903,14,2,1,8,1
"1D_MAX(extract,rag)",2.75,5.25,25,0.88,0.875,0.933,0.903,14,2,1,8,1
"1D_MAX(extract,rag)",2.75,5.5,25,0.88,0.875,0.933,0.903,14,2,1,8,1
"1D_MAX(extract,rag)",2.75,5.75,25,0.88,0.875,0.933,0.903,14,2,1,8,1
"1D_MAX(extract,rag)",2.75,6.0,25,0.88,0.875,0.933,0.903,14,2,1,8,1
"1D_MAX(extract,rag)",2.75,6.25,25,0.84,0.867,0.867,0.867,13,2,2,8,2
"1D_MAX(extract,rag)",2.75,6.5,25,0.84,0.867,0.867,0.867,13,2,2,8,2
"1D_MAX(extract,rag)",2.75,6.75,25,0.84,0.867,0.867,0.867,13,2,2,8,2
"1D_MAX(extract,rag)",2.75,7.0,25,0.84,0.867,0.867,0.867,13,2,2,8,2
"1D_MAX(extract,rag)",2.75,7.25,25,0.36,0.333,0.067,0.111,1,2,14,8,14
"1D_MAX(extract,rag)",2.75,7.5,25,0.36,0.333,0.067,0.111,1,2,14,8,14
"1D_MAX(extract,rag)",2.75,7.75,25,0.36,0.333,0.067,0.111,1,2,14,8,14
"1D_MAX(extract,rag)",2.75,8.0,25,0.36,0.333,0.067,0.111,1,2,14,8,14
"1D_MAX(extract,rag)",2.75,8.25,25,0.4,0.0,0.0,0.0,0,0,15,10,17
"1D_MAX(extract,rag)",2.75,8.5,25,0.4,0.0,0.0,0.0,0,0,15,10,17
"1D_MAX(extract,rag)",2.75,8.75,25,0.4,0.0,0.0,0.0,0,0,15,10,17
"1D_MAX(extract,rag)",2.75,9.0,25,0.4,0.0,0.0,0.0,0,0,15,10,17
"1D_MAX(extract,rag)",2.75,9.25,25,0.4,0.0,0.0,0.0,0,0,15,10,17
"1D_MAX(extract,rag)",2.75,9.5,25,0.4,0.0,0.0,0.0,0,0,15,10,17
"1D_MAX(extract,rag)",2.75,9.75,25,0.4,0.0,0.0,0.0,0,0,15,10,17
"1D_MAX(extract,rag)",2.75,10.0,25,0.4,0.0,0.0,0.0,0,0,15,10,17
"1D_MAX(extract,rag)",3.0,3.0,25,0.92,0.882,1.0,0.938,15,2,0,8,0
"1D_MAX(extract,rag)",3.0,3.25,25,0.92,0.882,1.0,0.938,15,2,0,8,0
"1D_MAX(extract,rag)",3.0,3.5,25,0.92,0.882,1.0,0.938,15,2,0,8,0
"1D_MAX(extract,rag)",3.0,3.75,25,0.88,0.875,0.933,0.903,14,2,1,8,1
"1D_MAX(extract,rag)",3.0,4.0,25,0.88,0.875,0.933,0.903,14,2,1,8,1
"1D_MAX(extract,rag)",3.0,4.25,25,0.88,0.875,0.933,0.903,14,2,1,8,1
"1D_MAX(extract,rag)",3.0,4.5,25,0.88,0.875,0.933,0.903,14,2,1,8,1
"1D_MAX(extract,rag)",3.0,4.75,25,0.88,0.875,0.933,0.903,14,2,1,8,1
"1D_MAX(extract,rag)",3.0,5.0,25,0.88,0.875,0.933,0.903,14,2,1,8,1
"1D_MAX(extract,rag)",3.0,5.25,25,0.88,0.875,0.933,0.903,14,2,1,8,1
"1D_MAX(extract,rag)",3.0,5.5,25,0.88,0.875,0.933,0.903,14,2,1,8,1
"1D_MAX(extract,rag)",3.0,5.75,25,0.88,0.875,0.933,0.903,14,2,1,8,1
"1D_MAX(extract,rag)",3.0,6.0,25,0.88,0.875,0.933,0.903,14,2,1,8,1
"1D_MAX(extract,rag)",3.0,6.25,25,0.84,0.867,0.867,0.867,13,2,2,8,2
"1D_MAX(extract,rag)",3.0,6.5,25,0.84,0.867,0.867,0.867,13,2,2,8,2
"1D_MAX(extract,rag)",3.0,6.75,25,0.84,0.867,0.867,0.867,13,2,2,8,2
"1D_MAX(extract,rag)",3.0,7.0,25,0.84,0.867,0.867,0.867,13,2,2,8,2
"1D_MAX(extract,rag)",3.0,7.25,25,0.36,0.333,0.067,0.111,1,2,14,8,14
"1D_MAX(extract,rag)",3.0,7.5,25,0.36,0.333,0.067,0.111,1,2,14,8,14
"1D_MAX(extract,rag)",3.0,7.75,25,0.36,0.333,0.067,0.111,1,2,14,8,14
"1D_MAX(extract,rag)",3.0,8.0,25,0.36,0.333,0.067,0.111,1,2,14,8,14
"1D_MAX(extract,rag)",3.0,8.25,25,0.4,0.0,0.0,0.0,0,0,15,10,17
"1D_MAX(extract,rag)",3.0,8.5,25,0.4,0.0,0.0,0.0,0,0,15,10,17
"1D_MAX(extract,rag)",3.0,8.75,25,0.4,0.0,0.0,0.0,0,0,15,10,17
"1D_MAX(extract,rag)",3.0,9.0,25,0.4,0.0,0.0,0.0,0,0,15,10,17
"1D_MAX(extract,rag)",3.0,9.25,25,0.4,0.0,0.0,0.0,0,0,15,10,17
"1D_MAX(extract,rag)",3.0,9.5,25,0.4,0.0,0.0,0.0,0,0,15,10,17
"1D_MAX(extract,rag)",3.0,9.75,25,0.4,0.0,0.0,0.0,0,0,15,10,17
"1D_MAX(extract,rag)",3.0,10.0,25,0.4,0.0,0.0,0.0,0,0,15,10,17
"1D_MAX(extract,rag)",3.25,3.25,25,0.92,0.882,1.0,0.938,15,2,0,8,0
"1D_MAX(extract,rag)",3.25,3.5,25,0.92,0.882,1.0,0.938,15,2,0,8,0
"1D_MAX(extract,rag)",3.25,3.75,25,0.88,0.875,0.933,0.903,14,2,1,8,1
"1D_MAX(extract,rag)",3.25,4.0,25,0.88,0.875,0.933,0.903,14,2,1,8,1
"1D_MAX(extract,rag)",3.25,4.25,25,0.88,0.875,0.933,0.903,14,2,1,8,1
"1D_MAX(extract,rag)",3.25,4.5,25,0.88,0.875,0.933,0.903,14,2,1,8,1
"1D_MAX(extract,rag)",3.25,4.75,25,0.88,0.875,0.933,0.903,14,2,1,8,1
"1D_MAX(extract,rag)",3.25,5.0,25,0.88,0.875,0.933,0.903,14,2,1,8,1
"1D_MAX(extract,rag)",3.25,5.25,25,0.88,0.875,0.933,0.903,14,2,1,8,1
"1D_MAX(extract,rag)",3.25,5.5,25,0.88,0.875,0.933,0.903,14,2,1,8,1
"1D_MAX(extract,rag)",3.25,5.75,25,0.88,0.875,0.933,0.903,14,2,1,8,1
"1D_MAX(extract,rag)",3.25,6.0,25,0.88,0.875,0.933,0.903,14,2,1,8,1
"1D_MAX(extract,rag)",3.25,6.25,25,0.84,0.867,0.867,0.867,13,2,2,8,2
"1D_MAX(extract,rag)",3.25,6.5,25,0.84,0.867,0.867,0.867,13,2,2,8,2
"1D_MAX(extract,rag)",3.25,6.75,25,0.84,0.867,0.867,0.867,13,2,2,8,2
"1D_MAX(extract,rag)",3.25,7.0,25,0.84,0.867,0.867,0.867,13,2,2,8,2
"1D_MAX(extract,rag)",3.25,7.25,25,0.36,0.333,0.067,0.111,1,2,14,8,14
"1D_MAX(extract,rag)",3.25,7.5,25,0.36,0.333,0.067,0.111,1,2,14,8,14
"1D_MAX(extract,rag)",3.25,7.75,25,0.36,0.333,0.067,0.111,1,2,14,8,14
"1D_MAX(extract,rag)",3.25,8.0,25,0.36,0.333,0.067,0.111,1,2,14,8,14
"1D_MAX(extract,rag)",3.25,8.25,25,0.4,0.0,0.0,0.0,0,0,15,10,17
"1D_MAX(extract,rag)",3.25,8.5,25,0.4,0.0,0.0,0.0,0,0,15,10,17
"1D_MAX(extract,rag)",3.25,8.75,25,0.4,0.0,0.0,0.0,0,0,15,10,17
"1D_MAX(extract,rag)",3.25,9.0,25,0.4,0.0,0.0,0.0,0,0,15,10,17
"1D_MAX(extract,rag)",3.25,9.25,25,0.4,0.0,0.0,0.0,0,0,15,10,17
"1D_MAX(extract,rag)",3.25,9.5,25,0.4,0.0,0.0,0.0,0,0,15,10,17
"1D_MAX(extract,rag)",3.25,9.75,25,0.4,0.0,0.0,0.0,0,0,15,10,17
"1D_MAX(extract,rag)",3.25,10.0,25,0.4,0.0,0.0,0.0,0,0,15,10,17
"1D_MAX(extract,rag)",3.5,3.5,25,0.92,0.882,1.0,0.938,15,2,0,8,0
"1D_MAX(extract,rag)",3.5,3.75,25,0.88,0.875,0.933,0.903,14,2,1,8,1
"1D_MAX(extract,rag)",3.5,4.0,25,0.88,0.875,0.933,0.903,14,2,1,8,1
"1D_MAX(extract,rag)",3.5,4.25,25,0.88,0.875,0.933,0.903,14,2,1,8,1
"1D_MAX(extract,rag)",3.5,4.5,25,0.88,0.875,0.933,0.903,14,2,1,8,1
"1D_MAX(extract,rag)",3.5,4.75,25,0.88,0.875,0.933,0.903,14,2,1,8,1
"1D_MAX(extract,rag)",3.5,5.0,25,0.88,0.875,0.933,0.903,14,2,1,8,1
"1D_MAX(extract,rag)",3.5,5.25,25,0.88,0.875,0.933,0.903,14,2,1,8,1
"1D_MAX(extract,rag)",3.5,5.5,25,0.88,0.875,0.933,0.903,14,2,1,8,1
"1D_MAX(extract,rag)",3.5,5.75,25,0.88,0.875,0.933,0.903,14,2,1,8,1
"1D_MAX(extract,rag)",3.5,6.0,25,0.88,0.875,0.933,0.903,14,2,1,8,1
"1D_MAX(extract,rag)",3.5,6.25,25,0.84,0.867,0.867,0.867,13,2,2,8,2
"1D_MAX(extract,rag)",3.5,6.5,25,0.84,0.867,0.867,0.867,13,2,2,8,2
"1D_MAX(extract,rag)",3.5,6.75,25,0.84,0.867,0.867,0.867,13,2,2,8,2
"1D_MAX(extract,rag)",3.5,7.0,25,0.84,0.867,0.867,0.867,13,2,2,8,2
"1D_MAX(extract,rag)",3.5,7.25,25,0.36,0.333,0.067,0.111,1,2,14,8,14
"1D_MAX(extract,rag)",3.5,7.5,25,0.36,0.333,0.067,0.111,1,2,14,8,14
"1D_MAX(extract,rag)",3.5,7.75,25,0.36,0.333,0.067,0.111,1,2,14,8,14
"1D_MAX(extract,rag)",3.5,8.0,25,0.36,0.333,0.067,0.111,1,2,14,8,14
"1D_MAX(extract,rag)",3.5,8.25,25,0.4,0.0,0.0,0.0,0,0,15,10,17
"1D_MAX(extract,rag)",3.5,8.5,25,0.4,0.0,0.0,0.0,0,0,15,10,17
"1D_MAX(extract,rag)",3.5,8.75,25,0.4,0.0,0.0,0.0,0,0,15,10,17
"1D_MAX(extract,rag)",3.5,9.0,25,0.4,0.0,0.0,0.0,0,0,15,10,17
"1D_MAX(extract,rag)",3.5,9.25,25,0.4,0.0,0.0,0.0,0,0,15,10,17
"1D_MAX(extract,rag)",3.5,9.5,25,0.4,0.0,0.0,0.0,0,0,15,10,17
"1D_MAX(extract,rag)",3.5,9.75,25,0.4,0.0,0.0,0.0,0,0,15,10,17
"1D_MAX(extract,rag)",3.5,10.0,25,0.4,0.0,0.0,0.0,0,0,15,10,17
"1D_MAX(extract,rag)",3.75,3.75,25,0.88,0.875,0.933,0.903,14,2,1,8,0
"1D_MAX(extract,rag)",3.75,4.0,25,0.88,0.875,0.933,0.903,14,2,1,8,0
"1D_MAX(extract,rag)",3.75,4.25,25,0.88,0.875,0.933,0.903,14,2,1,8,0
"1D_MAX(extract,rag)",3.75,4.5,25,0.88,0.875,0.933,0.903,14,2,1,8,0
"1D_MAX(extract,rag)",3.75,4.75,25,0.88,0.875,0.933,0.903,14,2,1,8,0
"1D_MAX(extract,rag)",3.75,5.0,25,0.88,0.875,0.933,0.903,14,2,1,8,0
"1D_MAX(extract,rag)",3.75,5.25,25,0.88,0.875,0.933,0.903,14,2,1,8,0
"1D_MAX(extract,rag)",3.75,5.5,25,0.88,0.875,0.933,0.903,14,2,1,8,0
"1D_MAX(extract,rag)",3.75,5.75,25,0.88,0.875,0.933,0.903,14,2,1,8,0
"1D_MAX(extract,rag)",3.75,6.0,25,0.88,0.875,0.933,0.903,14,2,1,8,0
"1D_MAX(extract,rag)",3.75,6.25,25,0.84,0.867,0.867,0.867,13,2,2,8,1
"1D_MAX(extract,rag)",3.75,6.5,25,0.84,0.867,0.867,0.867,13,2,2,8,1
"1D_MAX(extract,rag)",3.75,6.75,25,0.84,0.867,0.867,0.867,13,2,2,8,1
"1D_MAX(extract,rag)",3.75,7.0,25,0.84,0.867,0.867,0.867,13,2,2,8,1
"1D_MAX(extract,rag)",3.75,7.25,25,0.36,0.333,0.067,0.111,1,2,14,8,13
"1D_MAX(extract,rag)",3.75,7.5,25,0.36,0.333,0.067,0.111,1,2,14,8,13
"1D_MAX(extract,rag)",3.75,7.75,25,0.36,0.333,0.067,0.111,1,2,14,8,13
"1D_MAX(extract,rag)",3.75,8.0,25,0.36,0.333,0.067,0.111,1,2,14,8,13
"1D_MAX(extract,rag)",3.75,8.25,25,0.4,0.0,0.0,0.0,0,0,15,10,16
"1D_MAX(extract,rag)",3.75,8.5,25,0.4,0.0,0.0,0.0,0,0,15,10,16
"1D_MAX(extract,rag)",3.75,8.75,25,0.4,0.0,0.0,0.0,0,0,15,10,16
"1D_MAX(extract,rag)",3.75,9.0,25,0.4,0.0,0.0,0.0,0,0,15,10,16
"1D_MAX(extract,rag)",3.75,9.25,25,0.4,0.0,0.0,0.0,0,0,15,10,16
"1D_MAX(extract,rag)",3.75,9.5,25,0.4,0.0,0.0,0.0,0,0,15,10,16
"1D_MAX(extract,rag)",3.75,9.75,25,0.4,0.0,0.0,0.0,0,0,15,10,16
"1D_MAX(extract,rag)",3.75,10.0,25,0.4,0.0,0.0,0.0,0,0,15,10,16
"1D_MAX(extract,rag)",4.0,4.0,25,0.88,0.875,0.933,0.903,14,2,1,8,0
"1D_MAX(extract,rag)",4.0,4.25,25,0.88,0.875,0.933,0.903,14,2,1,8,0
"1D_MAX(extract,rag)",4.0,4.5,25,0.88,0.875,0.933,0.903,14,2,1,8,0
"1D_MAX(extract,rag)",4.0,4.75,25,0.88,0.875,0.933,0.903,14,2,1,8,0
"1D_MAX(extract,rag)",4.0,5.0,25,0.88,0.875,0.933,0.903,14,2,1,8,0
"1D_MAX(extract,rag)",4.0,5.25,25,0.88,0.875,0.933,0.903,14,2,1,8,0
"1D_MAX(extract,rag)",4.0,5.5,25,0.88,0.875,0.933,0.903,14,2,1,8,0
"1D_MAX(extract,rag)",4.0,5.75,25,0.88,0.875,0.933,0.903,14,2,1,8,0
"1D_MAX(extract,rag)",4.0,6.0,25,0.88,0.875,0.933,0.903,14,2,1,8,0
"1D_MAX(extract,rag)",4.0,6.25,25,0.84,0.867,0.867,0.867,13,2,2,8,1
"1D_MAX(extract,rag)",4.0,6.5,25,0.84,0.867,0.867,0.867,13,2,2,8,1
"1D_MAX(extract,rag)",4.0,6.75,25,0.84,0.867,0.867,0.867,13,2,2,8,1
"1D_MAX(extract,rag)",4.0,7.0,25,0.84,0.867,0.867,0.867,13,2,2,8,1
"1D_MAX(extract,rag)",4.0,7.25,25,0.36,0.333,0.067,0.111,1,2,14,8,13
"1D_MAX(extract,rag)",4.0,7.5,25,0.36,0.333,0.067,0.111,1,2,14,8,13
"1D_MAX(extract,rag)",4.0,7.75,25,0.36,0.333,0.067,0.111,1,2,14,8,13
"1D_MAX(extract,rag)",4.0,8.0,25,0.36,0.333,0.067,0.111,1,2,14,8,13
"1D_MAX(extract,rag)",4.0,8.25,25,0.4,0.0,0.0,0.0,0,0,15,10,16
"1D_MAX(extract,rag)",4.0,8.5,25,0.4,0.0,0.0,0.0,0,0,15,10,16
"1D_MAX(extract,rag)",4.0,8.75,25,0.4,0.0,0.0,0.0,0,0,15,10,16
"1D_MAX(extract,rag)",4.0,9.0,25,0.4,0.0,0.0,0.0,0,0,15,10,16
"1D_MAX(extract,rag)",4.0,9.25,25,0.4,0.0,0.0,0.0,0,0,15,10,16
"1D_MAX(extract,rag)",4.0,9.5,25,0.4,0.0,0.0,0.0,0,0,15,10,16
"1D_MAX(extract,rag)",4.0,9.75,25,0.4,0.0,0.0,0.0,0,0,15,10,16
"1D_MAX(extract,rag)",4.0,10.0,25,0.4,0.0,0.0,0.0,0,0,15,10,16
"1D_MAX(extract,rag)",4.25,4.25,25,0.88,0.875,0.933,0.903,14,2,1,8,0
"1D_MAX(extract,rag)",4.25,4.5,25,0.88,0.875,0.933,0.903,14,2,1,8,0
"1D_MAX(extract,rag)",4.25,4.75,25,0.88,0.875,0.933,0.903,14,2,1,8,0
"1D_MAX(extract,rag)",4.25,5.0,25,0.88,0.875,0.933,0.903,14,2,1,8,0
"1D_MAX(extract,rag)",4.25,5.25,25,0.88,0.875,0.933,0.903,14,2,1,8,0
"1D_MAX(extract,rag)",4.25,5.5,25,0.88,0.875,0.933,0.903,14,2,1,8,0
"1D_MAX(extract,rag)",4.25,5.75,25,0.88,0.875,0.933,0.903,14,2,1,8,0
"1D_MAX(extract,rag)",4.25,6.0,25,0.88,0.875,0.933,0.903,14,2,1,8,0
"1D_MAX(extract,rag)",4.25,6.25,25,0.84,0.867,0.867,0.867,13,2,2,8,1
"1D_MAX(extract,rag)",4.25,6.5,25,0.84,0.867,0.867,0.867,13,2,2,8,1
"1D_MAX(extract,rag)",4.25,6.75,25,0.84,0.867,0.867,0.867,13,2,2,8,1
"1D_MAX(extract,rag)",4.25,7.0,25,0.84,0.867,0.867,0.867,13,2,2,8,1
"1D_MAX(extract,rag)",4.25,7.25,25,0.36,0.333,0.067,0.111,1,2,14,8,13
"1D_MAX(extract,rag)",4.25,7.5,25,0.36,0.333,0.067,0.111,1,2,14,8,13
"1D_MAX(extract,rag)",4.25,7.75,25,0.36,0.333,0.067,0.111,1,2,14,8,13
"1D_MAX(extract,rag)",4.25,8.0,25,0.36,0.333,0.067,0.111,1,2,14,8,13
"1D_MAX(extract,rag)",4.25,8.25,25,0.4,0.0,0.0,0.0,0,0,15,10,16
"1D_MAX(extract,rag)",4.25,8.5,25,0.4,0.0,0.0,0.0,0,0,15,10,16
"1D_MAX(extract,rag)",4.25,8.75,25,0.4,0.0,0.0,0.0,0,0,15,10,16
"1D_MAX(extract,rag)",4.25,9.0,25,0.4,0.0,0.0,0.0,0,0,15,10,16
"1D_MAX(extract,rag)",4.25,9.25,25,0.4,0.0,0.0,0.0,0,0,15,10,16
"1D_MAX(extract,rag)",4.25,9.5,25,0.4,0.0,0.0,0.0,0,0,15,10,16
"1D_MAX(extract,rag)",4.25,9.75,25,0.4,0.0,0.0,0.0,0,0,15,10,16
"1D_MAX(extract,rag)",4.25,10.0,25,0.4,0.0,0.0,0.0,0,0,15,10,16
"1D_MAX(extract,rag)",4.5,4.5,25,0.88,0.875,0.933,0.903,14,2,1,8,0
"1D_MAX(extract,rag)",4.5,4.75,25,0.88,0.875,0.933,0.903,14,2,1,8,0
"1D_MAX(extract,rag)",4.5,5.0,25,0.88,0.875,0.933,0.903,14,2,1,8,0
"1D_MAX(extract,rag)",4.5,5.25,25,0.88,0.875,0.933,0.903,14,2,1,8,0
"1D_MAX(extract,rag)",4.5,5.5,25,0.88,0.875,0.933,0.903,14,2,1,8,0
"1D_MAX(extract,rag)",4.5,5.75,25,0.88,0.875,0.933,0.903,14,2,1,8,0
"1D_MAX(extract,rag)",4.5,6.0,25,0.88,0.875,0.933,0.903,14,2,1,8,0
"1D_MAX(extract,rag)",4.5,6.25,25,0.84,0.867,0.867,0.867,13,2,2,8,1
"1D_MAX(extract,rag)",4.5,6.5,25,0.84,0.867,0.867,0.867,13,2,2,8,1
"1D_MAX(extract,rag)",4.5,6.75,25,0.84,0.867,0.867,0.867,13,2,2,8,1
"1D_MAX(extract,rag)",4.5,7.0,25,0.84,0.867,0.867,0.867,13,2,2,8,1
"1D_MAX(extract,rag)",4.5,7.25,25,0.36,0.333,0.067,0.111,1,2,14,8,13
"1D_MAX(extract,rag)",4.5,7.5,25,0.36,0.333,0.067,0.111,1,2,14,8,13
"1D_MAX(extract,rag)",4.5,7.75,25,0.36,0.333,0.067,0.111,1,2,14,8,13
"1D_MAX(extract,rag)",4.5,8.0,25,0.36,0.333,0.067,0.111,1,2,14,8,13
"1D_MAX(extract,rag)",4.5,8.25,25,0.4,0.0,0.0,0.0,0,0,15,10,16
"1D_MAX(extract,rag)",4.5,8.5,25,0.4,0.0,0.0,0.0,0,0,15,10,16
"1D_MAX(extract,rag)",4.5,8.75,25,0.4,0.0,0.0,0.0,0,0,15,10,16
"1D_MAX(extract,rag)",4.5,9.0,25,0.4,0.0,0.0,0.0,0,0,15,10,16
"1D_MAX(extract,rag)",4.5,9.25,25,0.4,0.0,0.0,0.0,0,0,15,10,16
"1D_MAX(extract,rag)",4.5,9.5,25,0.4,0.0,0.0,0.0,0,0,15,10,16
"1D_MAX(extract,rag)",4.5,9.75,25,0.4,0.0,0.0,0.0,0,0,15,10,16
"1D_MAX(extract,rag)",4.5,10.0,25,0.4,0.0,0.0,0.0,0,0,15,10,16
"1D_MAX(extract,rag)",4.75,4.75,25,0.88,0.875,0.933,0.903,14,2,1,8,0
"1D_MAX(extract,rag)",4.75,5.0,25,0.88,0.875,0.933,0.903,14,2,1,8,0
"1D_MAX(extract,rag)",4.75,5.25,25,0.88,0.875,0.933,0.903,14,2,1,8,0
"1D_MAX(extract,rag)",4.75,5.5,25,0.88,0.875,0.933,0.903,14,2,1,8,0
"1D_MAX(extract,rag)",4.75,5.75,25,0.88,0.875,0.933,0.903,14,2,1,8,0
"1D_MAX(extract,rag)",4.75,6.0,25,0.88,0.875,0.933,0.903,14,2,1,8,0
"1D_MAX(extract,rag)",4.75,6.25,25,0.84,0.867,0.867,0.867,13,2,2,8,1
"1D_MAX(extract,rag)",4.75,6.5,25,0.84,0.867,0.867,0.867,13,2,2,8,1
"1D_MAX(extract,rag)",4.75,6.75,25,0.84,0.867,0.867,0.867,13,2,2,8,1
"1D_MAX(extract,rag)",4.75,7.0,25,0.84,0.867,0.867,0.867,13,2,2,8,1
"1D_MAX(extract,rag)",4.75,7.25,25,0.36,0.333,0.067,0.111,1,2,14,8,13
"1D_MAX(extract,rag)",4.75,7.5,25,0.36,0.333,0.067,0.111,1,2,14,8,13
"1D_MAX(extract,rag)",4.75,7.75,25,0.36,0.333,0.067,0.111,1,2,14,8,13
"1D_MAX(extract,rag)",4.75,8.0,25,0.36,0.333,0.067,0.111,1,2,14,8,13
"1D_MAX(extract,rag)",4.75,8.25,25,0.4,0.0,0.0,0.0,0,0,15,10,16
"1D_MAX(extract,rag)",4.75,8.5,25,0.4,0.0,0.0,0.0,0,0,15,10,16
"1D_MAX(extract,rag)",4.75,8.75,25,0.4,0.0,0.0,0.0,0,0,15,10,16
"1D_MAX(extract,rag)",4.75,9.0,25,0.4,0.0,0.0,0.0,0,0,15,10,16
"1D_MAX(extract,rag)",4.75,9.25,25,0.4,0.0,0.0,0.0,0,0,15,10,16
"1D_MAX(extract,rag)",4.75,9.5,25,0.4,0.0,0.0,0.0,0,0,15,10,16
"1D_MAX(extract,rag)",4.75,9.75,25,0.4,0.0,0.0,0.0,0,0,15,10,16
"1D_MAX(extract,rag)",4.75,10.0,25,0.4,0.0,0.0,0.0,0,0,15,10,16
"1D_MAX(extract,rag)",5.0,5.0,25,0.88,0.875,0.933,0.903,14,2,1,8,0
"1D_MAX(extract,rag)",5.0,5.25,25,0.88,0.875,0.933,0.903,14,2,1,8,0
"1D_MAX(extract,rag)",5.0,5.5,25,0.88,0.875,0.933,0.903,14,2,1,8,0
"1D_MAX(extract,rag)",5.0,5.75,25,0.88,0.875,0.933,0.903,14,2,1,8,0
"1D_MAX(extract,rag)",5.0,6.0,25,0.88,0.875,0.933,0.903,14,2,1,8,0
"1D_MAX(extract,rag)",5.0,6.25,25,0.84,0.867,0.867,0.867,13,2,2,8,1
"1D_MAX(extract,rag)",5.0,6.5,25,0.84,0.867,0.867,0.867,13,2,2,8,1
"1D_MAX(extract,rag)",5.0,6.75,25,0.84,0.867,0.867,0.867,13,2,2,8,1
"1D_MAX(extract,rag)",5.0,7.0,25,0.84,0.867,0.867,0.867,13,2,2,8,1
"1D_MAX(extract,rag)",5.0,7.25,25,0.36,0.333,0.067,0.111,1,2,14,8,13
"1D_MAX(extract,rag)",5.0,7.5,25,0.36,0.333,0.067,0.111,1,2,14,8,13
"1D_MAX(extract,rag)",5.0,7.75,25,0.36,0.333,0.067,0.111,1,2,14,8,13
"1D_MAX(extract,rag)",5.0,8.0,25,0.36,0.333,0.067,0.111,1,2,14,8,13
"1D_MAX(extract,rag)",5.0,8.25,25,0.4,0.0,0.0,0.0,0,0,15,10,16
"1D_MAX(extract,rag)",5.0,8.5,25,0.4,0.0,0.0,0.0,0,0,15,10,16
"1D_MAX(extract,rag)",5.0,8.75,25,0.4,0.0,0.0,0.0,0,0,15,10,16
"1D_MAX(extract,rag)",5.0,9.0,25,0.4,0.0,0.0,0.0,0,0,15,10,16
"1D_MAX(extract,rag)",5.0,9.25,25,0.4,0.0,0.0,0.0,0,0,15,10,16
"1D_MAX(extract,rag)",5.0,9.5,25,0.4,0.0,0.0,0.0,0,0,15,10,16
"1D_MAX(extract,rag)",5.0,9.75,25,0.4,0.0,0.0,0.0,0,0,15,10,16
"1D_MAX(extract,rag)",5.0,10.0,25,0.4,0.0,0.0,0.0,0,0,15,10,16
"1D_MAX(extract,rag)",5.25,5.25,25,0.88,0.875,0.933,0.903,14,2,1,8,0
"1D_MAX(extract,rag)",5.25,5.5,25,0.88,0.875,0.933,0.903,14,2,1,8,0
"1D_MAX(extract,rag)",5.25,5.75,25,0.88,0.875,0.933,0.903,14,2,1,8,0
"1D_MAX(extract,rag)",5.25,6.0,25,0.88,0.875,0.933,0.903,14,2,1,8,0
"1D_MAX(extract,rag)",5.25,6.25,25,0.84,0.867,0.867,0.867,13,2,2,8,1
"1D_MAX(extract,rag)",5.25,6.5,25,0.84,0.867,0.867,0.867,13,2,2,8,1
"1D_MAX(extract,rag)",5.25,6.75,25,0.84,0.867,0.867,0.867,13,2,2,8,1
"1D_MAX(extract,rag)",5.25,7.0,25,0.84,0.867,0.867,0.867,13,2,2,8,1
"1D_MAX(extract,rag)",5.25,7.25,25,0.36,0.333,0.067,0.111,1,2,14,8,13
"1D_MAX(extract,rag)",5.25,7.5,25,0.36,0.333,0.067,0.111,1,2,14,8,13
"1D_MAX(extract,rag)",5.25,7.75,25,0.36,0.333,0.067,0.111,1,2,14,8,13
"1D_MAX(extract,rag)",5.25,8.0,25,0.36,0.333,0.067,0.111,1,2,14,8,13
"1D_MAX(extract,rag)",5.25,8.25,25,0.4,0.0,0.0,0.0,0,0,15,10,16
"1D_MAX(extract,rag)",5.25,8.5,25,0.4,0.0,0.0,0.0,0,0,15,10,16
"1D_MAX(extract,rag)",5.25,8.75,25,0.4,0.0,0.0,0.0,0,0,15,10,16
"1D_MAX(extract,rag)",5.25,9.0,25,0.4,0.0,0.0,0.0,0,0,15,10,16
"1D_MAX(extract,rag)",5.25,9.25,25,0.4,0.0,0.0,0.0,0,0,15,10,16
"1D_MAX(extract,rag)",5.25,9.5,25,0.4,0.0,0.0,0.0,0,0,15,10,16
"1D_MAX(extract,rag)",5.25,9.75,25,0.4,0.0,0.0,0.0,0,0,15,10,16
"1D_MAX(extract,rag)",5.25,10.0,25,0.4,0.0,0.0,0.0,0,0,15,10,16
"1D_MAX(extract,rag)",5.5,5.5,25,0.88,0.875,0.933,0.903,14,2,1,8,0
"1D_MAX(extract,rag)",5.5,5.75,25,0.88,0.875,0.933,0.903,14,2,1,8,0
"1D_MAX(extract,rag)",5.5,6.0,25,0.88,0.875,0.933,0.903,14,2,1,8,0
"1D_MAX(extract,rag)",5.5,6.25,25,0.84,0.867,0.867,0.867,13,2,2,8,1
"1D_MAX(extract,rag)",5.5,6.5,25,0.84,0.867,0.867,0.867,13,2,2,8,1
"1D_MAX(extract,rag)",5.5,6.75,25,0.84,0.867,0.867,0.867,13,2,2,8,1
"1D_MAX(extract,rag)",5.5,7.0,25,0.84,0.867,0.867,0.867,13,2,2,8,1
"1D_MAX(extract,rag)",5.5,7.25,25,0.36,0.333,0.067,0.111,1,2,14,8,13
"1D_MAX(extract,rag)",5.5,7.5,25,0.36,0.333,0.067,0.111,1,2,14,8,13
"1D_MAX(extract,rag)",5.5,7.75,25,0.36,0.333,0.067,0.111,1,2,14,8,13
"1D_MAX(extract,rag)",5.5,8.0,25,0.36,0.333,0.067,0.111,1,2,14,8,13
"1D_MAX(extract,rag)",5.5,8.25,25,0.4,0.0,0.0,0.0,0,0,15,10,16
"1D_MAX(extract,rag)",5.5,8.5,25,0.4,0.0,0.0,0.0,0,0,15,10,16
"1D_MAX(extract,rag)",5.5,8.75,25,0.4,0.0,0.0,0.0,0,0,15,10,16
"1D_MAX(extract,rag)",5.5,9.0,25,0.4,0.0,0.0,0.0,0,0,15,10,16
"1D_MAX(extract,rag)",5.5,9.25,25,0.4,0.0,0.0,0.0,0,0,15,10,16
"1D_MAX(extract,rag)",5.5,9.5,25,0.4,0.0,0.0,0.0,0,0,15,10,16
"1D_MAX(extract,rag)",5.5,9.75,25,0.4,0.0,0.0,0.0,0,0,15,10,16
"1D_MAX(extract,rag)",5.5,10.0,25,0.4,0.0,0.0,0.0,0,0,15,10,16
"1D_MAX(extract,rag)",5.75,5.75,25,0.88,0.875,0.933,0.903,14,2,1,8,0
"1D_MAX(extract,rag)",5.75,6.0,25,0.88,0.875,0.933,0.903,14,2,1,8,0
"1D_MAX(extract,rag)",5.75,6.25,25,0.84,0.867,0.867,0.867,13,2,2,8,1
"1D_MAX(extract,rag)",5.75,6.5,25,0.84,0.867,0.867,0.867,13,2,2,8,1
"1D_MAX(extract,rag)",5.75,6.75,25,0.84,0.867,0.867,0.867,13,2,2,8,1
"1D_MAX(extract,rag)",5.75,7.0,25,0.84,0.867,0.867,0.867,13,2,2,8,1
"1D_MAX(extract,rag)",5.75,7.25,25,0.36,0.333,0.067,0.111,1,2,14,8,13
"1D_MAX(extract,rag)",5.75,7.5,25,0.36,0.333,0.067,0.111,1,2,14,8,13
"1D_MAX(extract,rag)",5.75,7.75,25,0.36,0.333,0.067,0.111,1,2,14,8,13
"1D_MAX(extract,rag)",5.75,8.0,25,0.36,0.333,0.067,0.111,1,2,14,8,13
"1D_MAX(extract,rag)",5.75,8.25,25,0.4,0.0,0.0,0.0,0,0,15,10,16
"1D_MAX(extract,rag)",5.75,8.5,25,0.4,0.0,0.0,0.0,0,0,15,10,16
"1D_MAX(extract,rag)",5.75,8.75,25,0.4,0.0,0.0,0.0,0,0,15,10,16
"1D_MAX(extract,rag)",5.75,9.0,25,0.4,0.0,0.0,0.0,0,0,15,10,16
"1D_MAX(extract,rag)",5.75,9.25,25,0.4,0.0,0.0,0.0,0,0,15,10,16
"1D_MAX(extract,rag)",5.75,9.5,25,0.4,0.0,0.0,0.0,0,0,15,10,16
"1D_MAX(extract,rag)",5.75,9.75,25,0.4,0.0,0.0,0.0,0,0,15,10,16
"1D_MAX(extract,rag)",5.75,10.0,25,0.4,0.0,0.0,0.0,0,0,15,10,16
"1D_MAX(extract,rag)",6.0,6.0,25,0.88,0.875,0.933,0.903,14,2,1,8,0
"1D_MAX(extract,rag)",6.0,6.25,25,0.84,0.867,0.867,0.867,13,2,2,8,1
"1D_MAX(extract,rag)",6.0,6.5,25,0.84,0.867,0.867,0.867,13,2,2,8,1
"1D_MAX(extract,rag)",6.0,6.75,25,0.84,0.867,0.867,0.867,13,2,2,8,1
"1D_MAX(extract,rag)",6.0,7.0,25,0.84,0.867,0.867,0.867,13,2,2,8,1
"1D_MAX(extract,rag)",6.0,7.25,25,0.36,0.333,0.067,0.111,1,2,14,8,13
"1D_MAX(extract,rag)",6.0,7.5,25,0.36,0.333,0.067,0.111,1,2,14,8,13
"1D_MAX(extract,rag)",6.0,7.75,25,0.36,0.333,0.067,0.111,1,2,14,8,13
"1D_MAX(extract,rag)",6.0,8.0,25,0.36,0.333,0.067,0.111,1,2,14,8,13
"1D_MAX(extract,rag)",6.0,8.25,25,0.4,0.0,0.0,0.0,0,0,15,10,16
"1D_MAX(extract,rag)",6.0,8.5,25,0.4,0.0,0.0,0.0,0,0,15,10,16
"1D_MAX(extract,rag)",6.0,8.75,25,0.4,0.0,0.0,0.0,0,0,15,10,16
"1D_MAX(extract,rag)",6.0,9.0,25,0.4,0.0,0.0,0.0,0,0,15,10,16
"1D_MAX(extract,rag)",6.0,9.25,25,0.4,0.0,0.0,0.0,0,0,15,10,16
"1D_MAX(extract,rag)",6.0,9.5,25,0.4,0.0,0.0,0.0,0,0,15,10,16
"1D_MAX(extract,rag)",6.0,9.75,25,0.4,0.0,0.0,0.0,0,0,15,10,16
"1D_MAX(extract,rag)",6.0,10.0,25,0.4,0.0,0.0,0.0,0,0,15,10,16
"1D_MAX(extract,rag)",6.25,6.25,25,0.84,0.867,0.867,0.867,13,2,2,8,0
"1D_MAX(extract,rag)",6.25,6.5,25,0.84,0.867,0.867,0.867,13,2,2,8,0
"1D_MAX(extract,rag)",6.25,6.75,25,0.84,0.867,0.867,0.867,13,2,2,8,0
"1D_MAX(extract,rag)",6.25,7.0,25,0.84,0.867,0.867,0.867,13,2,2,8,0
"1D_MAX(extract,rag)",6.25,7.25,25,0.36,0.333,0.067,0.111,1,2,14,8,12
"1D_MAX(extract,rag)",6.25,7.5,25,0.36,0.333,0.067,0.111,1,2,14,8,12
"1D_MAX(extract,rag)",6.25,7.75,25,0.36,0.333,0.067,0.111,1,2,14,8,12
"1D_MAX(extract,rag)",6.25,8.0,25,0.36,0.333,0.067,0.111,1,2,14,8,12
"1D_MAX(extract,rag)",6.25,8.25,25,0.4,0.0,0.0,0.0,0,0,15,10,15
"1D_MAX(extract,rag)",6.25,8.5,25,0.4,0.0,0.0,0.0,0,0,15,10,15
"1D_MAX(extract,rag)",6.25,8.75,25,0.4,0.0,0.0,0.0,0,0,15,10,15
"1D_MAX(extract,rag)",6.25,9.0,25,0.4,0.0,0.0,0.0,0,0,15,10,15
"1D_MAX(extract,rag)",6.25,9.25,25,0.4,0.0,0.0,0.0,0,0,15,10,15
"1D_MAX(extract,rag)",6.25,9.5,25,0.4,0.0,0.0,0.0,0,0,15,10,15
"1D_MAX(extract,rag)",6.25,9.75,25,0.4,0.0,0.0,0.0,0,0,15,10,15
"1D_MAX(extract,rag)",6.25,10.0,25,0.4,0.0,0.0,0.0,0,0,15,10,15
"1D_MAX(extract,rag)",6.5,6.5,25,0.84,0.867,0.867,0.867,13,2,2,8,0
"1D_MAX(extract,rag)",6.5,6.75,25,0.84,0.867,0.867,0.867,13,2,2,8,0
"1D_MAX(extract,rag)",6.5,7.0,25,0.84,0.867,0.867,0.867,13,2,2,8,0
"1D_MAX(extract,rag)",6.5,7.25,25,0.36,0.333,0.067,0.111,1,2,14,8,12
"1D_MAX(extract,rag)",6.5,7.5,25,0.36,0.333,0.067,0.111,1,2,14,8,12
"1D_MAX(extract,rag)",6.5,7.75,25,0.36,0.333,0.067,0.111,1,2,14,8,12
"1D_MAX(extract,rag)",6.5,8.0,25,0.36,0.333,0.067,0.111,1,2,14,8,12
"1D_MAX(extract,rag)",6.5,8.25,25,0.4,0.0,0.0,0.0,0,0,15,10,15
"1D_MAX(extract,rag)",6.5,8.5,25,0.4,0.0,0.0,0.0,0,0,15,10,15
"1D_MAX(extract,rag)",6.5,8.75,25,0.4,0.0,0.0,0.0,0,0,15,10,15
"1D_MAX(extract,rag)",6.5,9.0,25,0.4,0.0,0.0,0.0,0,0,15,10,15
"1D_MAX(extract,rag)",6.5,9.25,25,0.4,0.0,0.0,0.0,0,0,15,10,15
"1D_MAX(extract,rag)",6.5,9.5,25,0.4,0.0,0.0,0.0,0,0,15,10,15
"1D_MAX(extract,rag)",6.5,9.75,25,0.4,0.0,0.0,0.0,0,0,15,10,15
"1D_MAX(extract,rag)",6.5,10.0,25,0.4,0.0,0.0,0.0,0,0,15,10,15
"1D_MAX(extract,rag)",6.75,6.75,25,0.84,0.867,0.867,0.867,13,2,2,8,0
"1D_MAX(extract,rag)",6.75,7.0,25,0.84,0.867,0.867,0.867,13,2,2,8,0
"1D_MAX(extract,rag)",6.75,7.25,25,0.36,0.333,0.067,0.111,1,2,14,8,12
"1D_MAX(extract,rag)",6.75,7.5,25,0.36,0.333,0.067,0.111,1,2,14,8,12
"1D_MAX(extract,rag)",6.75,7.75,25,0.36,0.333,0.067,0.111,1,2,14,8,12
"1D_MAX(extract,rag)",6.75,8.0,25,0.36,0.333,0.067,0.111,1,2,14,8,12
"1D_MAX(extract,rag)",6.75,8.25,25,0.4,0.0,0.0,0.0,0,0,15,10,15
"1D_MAX(extract,rag)",6.75,8.5,25,0.4,0.0,0.0,0.0,0,0,15,10,15
"1D_MAX(extract,rag)",6.75,8.75,25,0.4,0.0,0.0,0.0,0,0,15,10,15
"1D_MAX(extract,rag)",6.75,9.0,25,0.4,0.0,0.0,0.0,0,0,15,10,15
"1D_MAX(extract,rag)",6.75,9.25,25,0.4,0.0,0.0,0.0,0,0,15,10,15
"1D_MAX(extract,rag)",6.75,9.5,25,0.4,0.0,0.0,0.0,0,0,15,10,15
"1D_MAX(extract,rag)",6.75,9.75,25,0.4,0.0,0.0,0.0,0,0,15,10,15
"1D_MAX(extract,rag)",6.75,10.0,25,0.4,0.0,0.0,0.0,0,0,15,10,15
"1D_MAX(extract,rag)",7.0,7.0,25,0.84,0.867,0.867,0.867,13,2,2,8,0
"1D_MAX(extract,rag)",7.0,7.25,25,0.36,0.333,0.067,0.111,1,2,14,8,12
"1D_MAX(extract,rag)",7.0,7.5,25,0.36,0.333,0.067,0.111,1,2,14,8,12
"1D_MAX(extract,rag)",7.0,7.75,25,0.36,0.333,0.067,0.111,1,2,14,8,12
"1D_MAX(extract,rag)",7.0,8.0,25,0.36,0.333,0.067,0.111,1,2,14,8,12
"1D_MAX(extract,rag)",7.0,8.25,25,0.4,0.0,0.0,0.0,0,0,15,10,15
"1D_MAX(extract,rag)",7.0,8.5,25,0.4,0.0,0.0,0.0,0,0,15,10,15
"1D_MAX(extract,rag)",7.0,8.75,25,0.4,0.0,0.0,0.0,0,0,15,10,15
"1D_MAX(extract,rag)",7.0,9.0,25,0.4,0.0,0.0,0.0,0,0,15,10,15
"1D_MAX(extract,rag)",7.0,9.25,25,0.4,0.0,0.0,0.0,0,0,15,10,15
"1D_MAX(extract,rag)",7.0,9.5,25,0.4,0.0,0.0,0.0,0,0,15,10,15
"1D_MAX(extract,rag)",7.0,9.75,25,0.4,0.0,0.0,0.0,0,0,15,10,15
"1D_MAX(extract,rag)",7.0,10.0,25,0.4,0.0,0.0,0.0,0,0,15,10,15
"1D_MAX(extract,rag)",7.25,7.25,25,0.36,0.333,0.067,0.111,1,2,14,8,0
"1D_MAX(extract,rag)",7.25,7.5,25,0.36,0.333,0.067,0.111,1,2,14,8,0
"1D_MAX(extract,rag)",7.25,7.75,25,0.36,0.333,0.067,0.111,1,2,14,8,0
"1D_MAX(extract,rag)",7.25,8.0,25,0.36,0.333,0.067,0.111,1,2,14,8,0
"1D_MAX(extract,rag)",7.25,8.25,25,0.4,0.0,0.0,0.0,0,0,15,10,3
"1D_MAX(extract,rag)",7.25,8.5,25,0.4,0.0,0.0,0.0,0,0,15,10,3
"1D_MAX(extract,rag)",7.25,8.75,25,0.4,0.0,0.0,0.0,0,0,15,10,3
"1D_MAX(extract,rag)",7.25,9.0,25,0.4,0.0,0.0,0.0,0,0,15,10,3
"1D_MAX(extract,rag)",7.25,9.25,25,0.4,0.0,0.0,0.0,0,0,15,10,3
"1D_MAX(extract,rag)",7.25,9.5,25,0.4,0.0,0.0,0.0,0,0,15,10,3
"1D_MAX(extract,rag)",7.25,9.75,25,0.4,0.0,0.0,0.0,0,0,15,10,3
"1D_MAX(extract,rag)",7.25,10.0,25,0.4,0.0,0.0,0.0,0,0,15,10,3
"1D_MAX(extract,rag)",7.5,7.5,25,0.36,0.333,0.067,0.111,1,2,14,8,0
"1D_MAX(extract,rag)",7.5,7.75,25,0.36,0.333,0.067,0.111,1,2,14,8,0
"1D_MAX(extract,rag)",7.5,8.0,25,0.36,0.333,0.067,0.111,1,2,14,8,0
"1D_MAX(extract,rag)",7.5,8.25,25,0.4,0.0,0.0,0.0,0,0,15,10,3
"1D_MAX(extract,rag)",7.5,8.5,25,0.4,0.0,0.0,0.0,0,0,15,10,3
"1D_MAX(extract,rag)",7.5,8.75,25,0.4,0.0,0.0,0.0,0,0,15,10,3
"1D_MAX(extract,rag)",7.5,9.0,25,0.4,0.0,0.0,0.0,0,0,15,10,3
"1D_MAX(extract,rag)",7.5,9.25,25,0.4,0.0,0.0,0.0,0,0,15,10,3
"1D_MAX(extract,rag)",7.5,9.5,25,0.4,0.0,0.0,0.0,0,0,15,10,3
"1D_MAX(extract,rag)",7.5,9.75,25,0.4,0.0,0.0,0.0,0,0,15,10,3
"1D_MAX(extract,rag)",7.5,10.0,25,0.4,0.0,0.0,0.0,0,0,15,10,3
"1D_MAX(extract,rag)",7.75,7.75,25,0.36,0.333,0.067,0.111,1,2,14,8,0
"1D_MAX(extract,rag)",7.75,8.0,25,0.36,0.333,0.067,0.111,1,2,14,8,0
"1D_MAX(extract,rag)",7.75,8.25,25,0.4,0.0,0.0,0.0,0,0,15,10,3
"1D_MAX(extract,rag)",7.75,8.5,25,0.4,0.0,0.0,0.0,0,0,15,10,3
"1D_MAX(extract,rag)",7.75,8.75,25,0.4,0.0,0.0,0.0,0,0,15,10,3
"1D_MAX(extract,rag)",7.75,9.0,25,0.4,0.0,0.0,0.0,0,0,15,10,3
"1D_MAX(extract,rag)",7.75,9.25,25,0.4,0.0,0.0,0.0,0,0,15,10,3
"1D_MAX(extract,rag)",7.75,9.5,25,0.4,0.0,0.0,0.0,0,0,15,10,3
"1D_MAX(extract,rag)",7.75,9.75,25,0.4,0.0,0.0,0.0,0,0,15,10,3
"1D_MAX(extract,rag)",7.75,10.0,25,0.4,0.0,0.0,0.0,0,0,15,10,3
"1D_MAX(extract,rag)",8.0,8.0,25,0.36,0.333,0.067,0.111,1,2,14,8,0
"1D_MAX(extract,rag)",8.0,8.25,25,0.4,0.0,0.0,0.0,0,0,15,10,3
"1D_MAX(extract,rag)",8.0,8.5,25,0.4,0.0,0.0,0.0,0,0,15,10,3
"1D_MAX(extract,rag)",8.0,8.75,25,0.4,0.0,0.0,0.0,0,0,15,10,3
"1D_MAX(extract,rag)",8.0,9.0,25,0.4,0.0,0.0,0.0,0,0,15,10,3
"1D_MAX(extract,rag)",8.0,9.25,25,0.4,0.0,0.0,0.0,0,0,15,10,3
"1D_MAX(extract,rag)",8.0,9.5,25,0.4,0.0,0.0,0.0,0,0,15,10,3
"1D_MAX(extract,rag)",8.0,9.75,25,0.4,0.0,0.0,0.0,0,0,15,10,3
"1D_MAX(extract,rag)",8.0,10.0,25,0.4,0.0,0.0,0.0,0,0,15,10,3
"1D_MAX(extract,rag)",8.25,8.25,25,0.4,0.0,0.0,0.0,0,0,15,10,0
"1D_MAX(extract,rag)",8.25,8.5,25,0.4,0.0,0.0,0.0,0,0,15,10,0
"1D_MAX(extract,rag)",8.25,8.75,25,0.4,0.0,0.0,0.0,0,0,15,10,0
"1D_MAX(extract,rag)",8.25,9.0,25,0.4,0.0,0.0,0.0,0,0,15,10,0
"1D_MAX(extract,rag)",8.25,9.25,25,0.4,0.0,0.0,0.0,0,0,15,10,0
"1D_MAX(extract,rag)",8.25,9.5,25,0.4,0.0,0.0,0.0,0,0,15,10,0
"1D_MAX(extract,rag)",8.25,9.75,25,0.4,0.0,0.0,0.0,0,0,15,10,0
"1D_MAX(extract,rag)",8.25,10.0,25,0.4,0.0,0.0,0.0,0,0,15,10,0
"1D_MAX(extract,rag)",8.5,8.5,25,0.4,0.0,0.0,0.0,0,0,15,10,0
"1D_MAX(extract,rag)",8.5,8.75,25,0.4,0.0,0.0,0.0,0,0,15,10,0
"1D_MAX(extract,rag)",8.5,9.0,25,0.4,0.0,0.0,0.0,0,0,15,10,0
"1D_MAX(extract,rag)",8.5,9.25,25,0.4,0.0,0.0,0.0,0,0,15,10,0
"1D_MAX(extract,rag)",8.5,9.5,25,0.4,0.0,0.0,0.0,0,0,15,10,0
"1D_MAX(extract,rag)",8.5,9.75,25,0.4,0.0,0.0,0.0,0,0,15,10,0
"1D_MAX(extract,rag)",8.5,10.0,25,0.4,0.0,0.0,0.0,0,0,15,10,0
"1D_MAX(extract,rag)",8.75,8.75,25,0.4,0.0,0.0,0.0,0,0,15,10,0
"1D_MAX(extract,rag)",8.75,9.0,25,0.4,0.0,0.0,0.0,0,0,15,10,0
"1D_MAX(extract,rag)",8.75,9.25,25,0.4,0.0,0.0,0.0,0,0,15,10,0
"1D_MAX(extract,rag)",8.75,9.5,25,0.4,0.0,0.0,0.0,0,0,15,10,0
"1D_MAX(extract,rag)",8.75,9.75,25,0.4,0.0,0.0,0.0,0,0,15,10,0
"1D_MAX(extract,rag)",8.75,10.0,25,0.4,0.0,0.0,0.0,0,0,15,10,0
"1D_MAX(extract,rag)",9.0,9.0,25,0.4,0.0,0.0,0.0,0,0,15,10,0
"1D_MAX(extract,rag)",9.0,9.25,25,0.4,0.0,0.0,0.0,0,0,15,10,0
"1D_MAX(extract,rag)",9.0,9.5,25,0.4,0.0,0.0,0.0,0,0,15,10,0
"1D_MAX(extract,rag)",9.0,9.75,25,0.4,0.0,0.0,0.0,0,0,15,10,0
"1D_MAX(extract,rag)",9.0,10.0,25,0.4,0.0,0.0,0.0,0,0,15,10,0
"1D_MAX(extract,rag)",9.25,9.25,25,0.4,0.0,0.0,0.0,0,0,15,10,0
"1D_MAX(extract,rag)",9.25,9.5,25,0.4,0.0,0.0,0.0,0,0,15,10,0
"1D_MAX(extract,rag)",9.25,9.75,25,0.4,0.0,0.0,0.0,0,0,15,10,0
"1D_MAX(extract,rag)",9.25,10.0,25,0.4,0.0,0.0,0.0,0,0,15,10,0
"1D_MAX(extract,rag)",9.5,9.5,25,0.4,0.0,0.0,0.0,0,0,15,10,0
"1D_MAX(extract,rag)",9.5,9.75,25,0.4,0.0,0.0,0.0,0,0,15,10,0
"1D_MAX(extract,rag)",9.5,10.0,25,0.4,0.0,0.0,0.0,0,0,15,10,0
"1D_MAX(extract,rag)",9.75,9.75,25,0.4,0.0,0.0,0.0,0,0,15,10,0
"1D_MAX(extract,rag)",9.75,10.0,25,0.4,0.0,0.0,0.0,0,0,15,10,0
"1D_MAX(extract,rag)",10.0,10.0,25,0.4,0.0,0.0,0.0,0,0,15,10,0
